id,name,category,project_type,maturity_level,activity_score,sustainability_score,ecosystem_score,accessibility_score,deployment_countries,licenses,sdgs,dpi_domains,governance_model,website,last_updated
"drupal","Drupal","Government Platforms","Government OSS","growing","50","75","94","86","United Kingdom; United States; Australia; France; Germany","GPL-2.0-or-later","SDG-16; SDG-9","government-service-delivery","foundation","https://drupal.org","2026-09-01T02:26:27.868Z"
"mosip","MOSIP","Digital Identity","DPG","mature","78","82","85","55","Philippines; Morocco; Ethiopia; Sierra Leone; Sri Lanka; Togo","MPL-2.0","SDG-16","digital-identity","foundation","https://mosip.io","2026-05-20T00:00:00.000Z"
"dhis2","DHIS2","Health Information","DPG","growing","50","75","95","68","Uganda; Tanzania; Kenya; India; Indonesia; Bangladesh; Nigeria; Ethiopia; Zambia; Zimbabwe","BSD-3-Clause","SDG-3","health","academic","https://dhis2.org","2026-09-01T02:26:28.055Z"
"openmrs","OpenMRS","Health Information","DPG","growing","55","62","83","58","Rwanda; Kenya; Uganda; Haiti; Liberia","MPL-2.0","SDG-3","health","community","https://openmrs.org","2026-09-01T02:26:27.979Z"
"openspp","OpenSPP","Social Protection","GovTech","stagnant","5","61","72","52","Colombia; Kenya; Philippines","AGPL-3.0-only","SDG-1; SDG-10","social-protection","community","https://openspp.org","2026-09-01T02:26:27.979Z"
"ckan","CKAN","Open Government","Government OSS","growing","75","61","82","63","United Kingdom; Canada; Germany; Argentina; Mexico","AGPL-3.0-only","SDG-16","open-government","foundation","https://ckan.org","2026-09-01T02:26:29.797Z"
"dkan","DKAN","Open Government","Government OSS","emerging","25","57","66","71","United States","GPL-2.0-or-later","SDG-16","open-government","company-led","https://getdkan.org","2026-09-01T02:26:29.520Z"
"mojaloop","Mojaloop","Financial Inclusion","DPG","stagnant","0","69","82","50","Tanzania; Uganda; Ghana; Maldives; Kenya","Apache-2.0","SDG-1; SDG-8; SDG-10","digital-payments","foundation","https://mojaloop.io","2026-09-01T02:26:29.599Z"
"x-road","X-Road","Interoperability","DPG","growing","50","71","90","62","Estonia; Finland; Iceland; Faroe Islands","MIT","SDG-9; SDG-16","interoperability","foundation","https://x-road.global","2026-09-01T02:26:29.722Z"
"opencrvs","OpenCRVS","Civil Registration","DPG","growing","75","64","79","58","Sierra Leone; Bangladesh; Rwanda","MPL-2.0","SDG-16; SDG-3","civil-registration; digital-identity","community","https://www.opencrvs.org","2026-09-01T02:26:29.707Z"
"openimis","openIMIS","Health Financing","DPG","stagnant","10","58","75","54","Nepal; Tanzania; Cameroon","AGPL-3.0-only","SDG-3","health","consortium","https://openimis.org","2026-09-01T02:26:31.280Z"
"rapidpro","RapidPro","Citizen Engagement","DPG","stagnant","4","65","80","57","Rwanda; Uganda; Zambia; Malawi","BSD-3-Clause","SDG-3; SDG-5","citizen-communication; health","company-led","https://rapidpro.io","2026-09-01T02:26:31.324Z"
"bahmni","Bahmni","Health Information","GovTech","mature","72","77","74","52","India; Nepal; Bangladesh","AGPL-3.0-only","SDG-3","health","community","https://www.bahmni.org","2026-05-21T00:00:00.000Z"
"digit","DIGIT","Government Platforms","GovTech","stagnant","0","68","81","60","India","MIT","SDG-11; SDG-16","government-service-delivery","foundation","https://www.digit.org","2026-09-01T02:26:31.407Z"
"sunbird","Sunbird","Education","DPG","growing","74","76","78","59","India; Sierra Leone","MIT","SDG-4","education","foundation","https://sunbird.org","2026-05-21T00:00:00.000Z"
"openg2p","OpenG2P","Social Protection","GovTech","stagnant","0","64","77","55","Sierra Leone; Togo","MPL-2.0","SDG-1; SDG-10; SDG-16","social-protection; digital-payments","foundation","https://www.openg2p.org","2026-09-01T02:26:32.787Z"
"openemis","OpenEMIS","Education","DPG","growing","63","71","72","57","Jordan; Palestine; Maldives","GPL-3.0-only","SDG-4","education","intergovernmental","https://www.openemis.org","2026-05-21T00:00:00.000Z"
"openlmis","OpenLMIS","Health Information","DPG","emerging","5","66","79","56","Tanzania; Zambia; Mozambique","AGPL-3.0-only","SDG-3","health","community","https://openlmis.org","2026-09-01T02:26:32.810Z"
"sovereign-cloud-stack","Sovereign Cloud Stack","Cloud Infrastructure","GovTech","growing","70","72","74","49","","Apache-2.0","SDG-9; SDG-16","cloud-infrastructure","consortium","https://scs.community/de/","2026-05-21T00:00:00.000Z"
"baserow","Baserow","Digital Registries","GovTech","growing","75","64","67","52","","","SDG-16","digital-registries","company-led","https://baserow.io","2026-09-01T02:26:33.139Z"
"mifos-payment-hub-ee","Mifos Payment Hub Enterprise Edition","Financial Inclusion","GovTech","growing","67","71","73","46","","","SDG-1; SDG-8; SDG-10","digital-payments","nonprofit","https://payments.mifos.org/","2026-05-21T00:00:00.000Z"
"camunda-platform","Camunda Platform","Workflow Automation","GovTech","stagnant","2","66","82","48","","Apache-2.0","SDG-9; SDG-16","government-service-delivery; workflow","company-led","https://camunda.com/","2026-09-01T02:26:34.967Z"
"diia-engine","Diia.Engine","Government Platforms","GovTech","stagnant","0","64","75","50","Ukraine","Apache-2.0","SDG-9; SDG-16","government-service-delivery; digital-registries","government-led","https://diia.gov.ua/en/engine","2026-09-01T02:26:34.680Z"
"prozorro-sale","Prozorro.Sale","Public Procurement","GovTech","stagnant","0","64","78","49","Ukraine","Apache-2.0","SDG-9; SDG-16","public-procurement","public-enterprise","https://prozorro.sale/en/","2026-09-01T02:26:34.530Z"
"odk","ODK","Data Collection","DPG","growing","75","72","86","61","Uganda; Kenya; Nepal; Nigeria; Sierra Leone","Apache-2.0","SDG-3; SDG-16","health; government-service-delivery","community","https://getodk.org","2026-09-01T02:26:34.735Z"
"kobotoolbox","KoboToolbox","Data Collection","DPG","growing","75","65","79","57","Lebanon; Ukraine; Kenya; Nepal","AGPL-3.0-only","SDG-3; SDG-16","government-service-delivery","nonprofit","https://www.kobotoolbox.org","2026-09-01T02:26:36.581Z"
"gnu-health","GNU Health","Health Information","DPG","mature","68","77","71","54","Argentina; Brazil; Spain","GPL-3.0-or-later","SDG-3","health","nonprofit","https://www.gnuhealth.org","2026-05-21T00:00:00.000Z"
"opensrp","OpenSRP","Health Information","DPG","stagnant","0","62","76","50","Kenya; Zambia; Nigeria; Pakistan","MPL-2.0","SDG-3","health","nonprofit","https://smartregister.org","2026-09-01T02:26:36.477Z"
"openfn","OpenFn","Interoperability","DPG","stagnant","0","67","78","59","Sierra Leone; Kenya; Ethiopia","AGPL-3.0-only","SDG-3; SDG-16","interoperability; health","nonprofit","https://www.openfn.org","2026-09-01T02:26:36.414Z"
"commcare","CommCare","Health Information","DPG","growing","50","68","82","58","India; Zambia; Tanzania; Nigeria; Malawi","BSD-3-Clause","SDG-3","health; government-service-delivery","company","https://www.dimagi.com/commcare/","2026-09-01T02:26:38.235Z"
"openelis-global","OpenELIS Global","Health Information","DPG","stagnant","0","60","74","49","Haiti; Côte d'Ivoire; Cameroon; Sierra Leone","GPL-3.0-or-later","SDG-3","health","nonprofit","https://www.openelis-global.org","2026-09-01T02:26:39.605Z"
"ushahidi","Ushahidi","Civic Technology","DPG","stagnant","0","63","77","55","Kenya; Nepal; Haiti; Ukraine","AGPL-3.0-only","SDG-16","open-government; government-service-delivery","nonprofit","https://www.ushahidi.com","2026-09-01T02:26:39.691Z"
"opentenure","OpenTenure","Land Administration","DPG","growing","58","68","70","47","Uganda; Kenya; Rwanda","MPL-2.0","SDG-1; SDG-16","digital-registries; government-service-delivery","intergovernmental","https://www.fao.org/in-action/solutions-for-open-land-administration/en/","2026-05-21T00:00:00.000Z"
"apache-fineract","Apache Fineract","Financial Inclusion","DPG","growing","65","68","80","48","India; Kenya; Philippines; Indonesia","Apache-2.0","SDG-1; SDG-8; SDG-10","digital-payments; financial-inclusion","foundation","https://fineract.apache.org","2026-09-01T02:26:39.746Z"
"aam-digital","Aam Digital","Open Software","DPG","stagnant","25","39","91","0","India; South Africa; Germany; United States of America; Uganda; Rwanda; Israel; Tanzania","GPL-3.0","SDG-01; SDG-03; SDG-04; SDG-05; SDG-08; SDG-10; SDG-16","","private","https://www.aam-digital.com/","2026-09-01T02:26:39.725Z"
"accessible-kazakhstan","Accessible Kazakhstan","Open Software","DPG","stagnant","0","49","47","0","Kazakhstan","Apache-2.0","SDG-11","","ngo non profit","https://doskaz.kz/","2026-09-01T02:26:41.119Z"
"accessible-medical-records-via-integrated-technologies","Accessible Medical Records via Integrated Technologies","Open Software","DPG","abandoned","0","39","77","0","","GPL-3.0","SDG-03; SDG-10","","ngo non profit","https://amrit.piramalswasthya.org/","2026-09-01T02:26:41.105Z"
"accessmod","AccessMod","Open Software","DPG","stagnant","25","39","75","0","Afghanistan; Kenya; Chad; Philippines; Burundi; Togo; Mali","LGPL-3.0","SDG-03","","academic","https://www.accessmod.org/","2026-09-01T02:26:41.195Z"
"advocacy-training-for-community-health-workers","Advocacy Training for Community Health Workers","Open Content","DPG","mature","0","52","45","0","Uganda","CC-BY-NC-SA-4.0","SDG-03; SDG-08","","academic","https://digitalmedic.stanford.edu/our-work/free-advocacy-training/","2026-09-01T02:26:27.106Z"
"african-storybook","African Storybook","Open Content","DPG","stagnant","0","51","83","0","India; Lesotho; South Africa; Malawi; United Kingdom; Australia; Niger; Kenya; Cameroon; Ethiopia; Uganda; Rwanda; Nigeria; Ghana; Tanzania","CC-BY-4.0","SDG-04","","ngo non profit","https://www.africanstorybook.org/","2026-09-01T02:26:41.192Z"
"agris-open-data-set","AGRIS Open Data Set","Open Data","DPG","mature","0","52","45","0","Italy","CC-BY-4.0","SDG-01; SDG-02; SDG-12; SDG-15","","multilateral","http://www.fao.org/agris/agris-ods","2026-09-01T02:26:27.107Z"
"agritech-observatory","AgriTech Observatory","Open Content","DPG","mature","0","82","67","0","Turkmenistan; Serbia; Armenia; Ukraine; Tajikistan; Kazakhstan; Albania; Belarus; North Macedonia; Montenegro; Turkey; Georgia; Moldova; Bosnia and Herzegovina; Kyrgyzstan; Azerbaijan","CC-BY-4.0","SDG-02; SDG-09; SDG-12; SDG-13; SDG-14; SDG-15; SDG-17","","multilateral","https://agritechobservatory.fao.org/","2026-09-01T02:26:27.107Z"
"agrontology","Agrontology","Open Data","DPG","mature","0","52","47","0","Italy","CC-BY-4.0","SDG-01; SDG-02; SDG-05; SDG-06; SDG-12; SDG-14; SDG-15","","multilateral","https://aims.fao.org/agrontology","2026-09-01T02:26:27.107Z"
"agrovoc-multilingual-thesaurus","AGROVOC Multilingual Thesaurus","Open Data","DPG","mature","0","52","49","0","Italy","CC-BY-4.0","SDG-01; SDG-02; SDG-05; SDG-06; SDG-12; SDG-14; SDG-15; SDG-17","","multilateral","https://www.fao.org/agrovoc","2026-09-01T02:26:27.107Z"
"aid-management-platform","Aid Management Platform","Open Software","DPG","emerging","55","39","51","0","Honduras; Chad; Ethiopia; Uganda; Haiti; Moldova; Togo; Senegal","GPL-3.0","SDG-16","","ngo non profit","https://devgateway.github.io/amp/","2026-09-01T02:26:42.751Z"
"altinn","Altinn","Open Software","DPG","growing","75","39","91","0","Norway","BSD-3-Clause","SDG-16","","government","https://www.altinn.no/","2026-09-01T02:26:45.510Z"
"android-fhir-sdk","Android FHIR SDK","Open Software","DPG","stagnant","5","39","47","0","Indonesia; India; Kenya; United States of America; Uganda; Nigeria","Apache-2.0","SDG-03","","private","https://developers.google.com/open-health-stack/android-fhir","2026-09-01T02:26:44.433Z"
"avni","Avni","Open Software","DPG","mature","0","52","57","0","India","AGPL-3.0","SDG-03; SDG-04; SDG-06","","ngo non profit","https://avniproject.org/","2026-09-01T02:26:27.107Z"
"bebbo-parenting-app","Bebbo Parenting App","Open Software","DPG","mature","32","74","100","0","Serbia; Romania; Ukraine; Tajikistan; Albania; Belarus; Montenegro; Uzbekistan; Moldova; Kyrgyzstan; Bulgaria; Greece","GPL-3.0","SDG-02; SDG-03; SDG-04; SDG-05","","multilateral","https://bebbo.app/","2026-09-01T02:26:27.108Z"
"bisa-health","Bisa Health","Open Software","DPG","mature","8","52","35","0","Ghana","MIT","SDG-03; SDG-17","","private","https://bisaapp.com/","2026-09-01T02:26:27.108Z"
"boxtribute","Boxtribute","Open Software","DPG","stagnant","25","39","61","0","Slovakia; Lebanon; Serbia; Germany; Bosnia and Herzegovina; Italy; Greece; Poland","Apache-2.0","SDG-01; SDG-12; SDG-17","","ngo non profit","https://www.boxtribute.org/","2026-09-01T02:26:46.967Z"
"camicroscope","caMicroscope","Open Software","DPG","stagnant","5","39","69","0","India; Japan; United States of America","BSD-3-Clause","SDG-03","","ngo non profit","https://camicroscope.org/","2026-09-01T02:26:46.973Z"
"care","Care | Open Healthcare Network","Open Software","DPG","abandoned","0","39","53","0","India","MIT","SDG-03","","private","https://ohc.network/","2026-09-01T02:26:47.166Z"
"cboard","Cboard","Open Software","DPG","stagnant","25","39","55","0","Croatia; Belgium; Serbia; United States of America; North Macedonia; Montenegro; Argentina; Bulgaria; Israel; Canada","GPL-3.0","SDG-03; SDG-04; SDG-10","","private","https://www.cboard.io/","2026-09-01T02:26:46.983Z"
"cfr","cfr","Open Software","DPG","mature","0","52","37","0","United Kingdom","MIT","SDG-03; SDG-17","","private","https://github.com/epiverse-trace/cfr","2026-09-01T02:26:27.108Z"
"chamilo","Chamilo","Open Software","DPG","growing","75","39","100","0","Indonesia; Slovakia; India; Vietnam; Latvia; Ireland; Sweden; Chile; Venezuela; Croatia; Paraguay; Colombia; Lebanon; South Africa; Tunisia; Bolivia; Portugal; United Kingdom; Ecuador; Denmark; Belgium; Slovenia; Estonia; Germany; Romania; Japan; Uruguay; Honduras; Ukraine; Luxembourg; El Salvador; Panama; Egypt; Lithuania; Philippines; Haiti; Turkey; Cuba; Finland; Nicaragua; Bangladesh; Mexico; Georgia; Iraq; Dominican Republic; Spain; Argentina; Morocco; United Arab Emirates; Nigeria; Italy; Netherlands; Israel; Greece; China; Brazil; France; Iran; Poland; Canada; Switzerland; Norway; Costa Rica; Austria; Peru; Thailand; Cyprus","GPL-3.0","SDG-04","","ngo non profit","https://chamilo.org/","2026-09-01T02:26:48.782Z"
"cider","Cider","Open Software","DPG","abandoned","0","40","43","0","United States of America; Bangladesh","BSD-2-Clause","SDG-01","","academic","https://global-policy-lab.github.io/cider-documentation/intro.html","2026-09-01T02:26:48.757Z"
"ciel-terminology","CIEL terminology","Open Content","DPG","mature","0","100","100","0","Cambodia; India; Vietnam; Sri Lanka; Lesotho; Chile; Zambia; Colombia; Sierra Leone; Malawi; Kenya; United States of America; Panama; Pakistan; Philippines; Ethiopia; Uganda; Haiti; Zimbabwe; Bangladesh; Mexico; Liberia; Dominican Republic; Spain; Rwanda; Nigeria; Mozambique; Israel; Botswana; Nepal; Peru","CC-BY-4.0","SDG-03; SDG-10","","academic","https://www.cielterminology.org/","2026-09-01T02:26:27.108Z"
"citylearn","CityLearn","Open AI System","DPG","stagnant","15","28","39","0","United States of America","MIT","SDG-07; SDG-11; SDG-13","","private","","2026-09-01T02:26:48.788Z"
"climweb","ClimWeb","Open Software","DPG","stagnant","25","39","100","0","Sudan; Zambia; Gambia; Sierra Leone; Malawi; Niger; Kenya; Guinea; Seychelles; Chad; Ethiopia; Uganda; Comoros; Zimbabwe; Liberia; Benin; Burkina Faso; Ghana; Burundi; Togo; Mali; Djibouti; Guinea-Bissau; Democratic Republic of the Congo; South Sudan; Congo (Congo-Brazzaville)","MIT","SDG-13","","multilateral","https://climtech.africa/climweb/","2026-09-01T02:26:48.575Z"
"code-your-future","Code Your Future","Open Content","DPG","abandoned","0","39","37","0","South Africa; United Kingdom","CC0-1.0; CC-BY-SA-4.0","SDG-04; SDG-05; SDG-08; SDG-10","","ngo non profit","https://curriculum.codeyourfuture.io/","2026-09-01T02:26:50.202Z"
"codecarbon","CodeCarbon","Open Software","DPG","growing","75","39","35","0","","MIT","SDG-12","","ngo non profit","https://codecarbon.io/","2026-09-01T02:26:50.217Z"
"coditeach","CodiTeach","Open Software","DPG","stagnant","0","53","75","0","South Korea; Kazakhstan; Uzbekistan","BSD-3-Clause","SDG-04; SDG-17","","private","https://coditeach.kz/","2026-09-01T02:26:50.301Z"
"community-health-toolkit","Community Health Toolkit","Open Software","DPG","growing","75","39","91","0","Lesotho; South Africa; Sierra Leone; Kenya; Central African Republic; Philippines; Uganda; Zimbabwe; Nigeria; Mozambique; Togo; Mali; Tanzania; Nepal; Libya; Democratic Republic of the Congo; Côte d; South Sudan","AGPL-3.0","SDG-03; SDG-05; SDG-17","","ngo non profit","https://communityhealthtoolkit.org/","2026-09-01T02:26:50.332Z"
"comparia","Compar:IA","Open Software","DPG","abandoned","0","39","71","0","Sweden; Denmark; Lithuania; France","Apache-2.0","SDG-04; SDG-09; SDG-12","","government","https://comparia.beta.gouv.fr/","2026-09-01T02:26:50.141Z"
"comparia-datatsets","Compar:IA Datatsets","Open Data","DPG","mature","0","52","49","0","France","CC-BY-4.0","SDG-04; SDG-09; SDG-10; SDG-16","","government","https://comparia.beta.gouv.fr/datasets","2026-09-01T02:26:27.110Z"
"connect-for-life","Connect For Life","Open Software","DPG","stagnant","0","53","100","0","India; Sierra Leone; Philippines; Uganda; Rwanda; Brazil","MPL-2.0","SDG-03","","private","","2026-09-01T02:26:51.707Z"
"consul-democracy","Consul Democracy","Open Software","DPG","emerging","70","39","100","0","Sweden; Chile; Croatia; Paraguay; Colombia; Bolivia; United Kingdom; Ecuador; Denmark; Slovenia; Serbia; Germany; Romania; Uruguay; Somalia; El Salvador; Albania; Turkey; Mexico; Algeria; Spain; Argentina; Bosnia and Herzegovina; Italy; Netherlands; Malta; Brazil; France; Poland; Norway; Costa Rica; Peru; Cyprus","AGPL-3.0","SDG-16","","government","https://consuldemocracy.org/","2026-09-01T02:26:52.031Z"
"convexity-humanitarian-aid-transfer-solution-chats","Convexity Humanitarian Aid Transfer Solution (CHATS)","Open Software","DPG","mature","0","52","63","0","Nigeria","AGPL-3.0","SDG-02; SDG-03; SDG-08","","private","https://chats.cash/","2026-09-01T02:26:27.111Z"
"cqube","cQube","Open Software","DPG","abandoned","0","37","75","0","India","MIT","SDG-04","","ngo non profit","https://cqube.sunbird.org/","2026-09-01T02:26:51.704Z"
"creative-commons-legal-tools","Creative Commons Legal Tools","Open Content","DPG","mature","45","100","100","0","Hungary; Indonesia; Cambodia; Slovakia; Antigua and Barbuda; India; Vietnam; Latvia; Sri Lanka; Ireland; Jordan; Sweden; Chile; Venezuela; Zambia; Croatia; Palau; Mauritius; Malaysia; Paraguay; Colombia; Lebanon; South Africa; Tunisia; Sierra Leone; Bolivia; Malawi; Portugal; United Kingdom; Ecuador; Angola; Madagascar; Denmark; Australia; Belgium; Scotland; Slovenia; Bhutan; Serbia; Estonia; Germany; Romania; South Korea; Kenya; Japan; Papua New Guinea; Uruguay; Mongolia; Bahamas; Qatar; Honduras; Armenia; Guatemala; Ukraine; Somalia; United States of America; Tajikistan; Luxembourg; El Salvador; Kazakhstan; Albania; Panama; Fiji; Egypt; Lithuania; Belarus; Cameroon; Gabon; Trinidad and Tobago; Pakistan; Kuwait; Philippines; Montenegro; Ethiopia; Uganda; Iceland; Turkey; Zimbabwe; Finland; Nicaragua; Bangladesh; Belize; Saudi Arabia; Mexico; Oman; Georgia; Laos; Dominican Republic; Algeria; Spain; Liechtenstein; Namibia; Rwanda; Argentina; Jamaica; Morocco; Benin; Bosnia and Herzegovina; United Arab Emirates; Nigeria; Italy; Burkina Faso; Netherlands; Ghana; Burundi; Bahrain; Mozambique; Togo; Bulgaria; Israel; Senegal; Greece; China; Malta; Barbados; Botswana; Tanzania; Singapore; Azerbaijan; Brazil; France; Monaco; Poland; Brunei; New Zealand; Canada; Switzerland; Norway; Nepal; Russia; Costa Rica; Austria; Peru; Thailand; Cyprus; Czechia (Czech Republic); Myanmar (formerly Burma)","CC-BY-4.0; CC0-1.0","SDG-04; SDG-09; SDG-10; SDG-16; SDG-17","","ngo non profit","https://creativecommons.org/share-your-work/cclicenses/","2026-09-01T02:26:27.111Z"
"credebl","CREDEBL","Open Software","DPG","mature","0","52","39","0","India","Apache-2.0","SDG-08; SDG-09; SDG-10; SDG-17","","private","https://credebl.id/","2026-09-01T02:26:27.112Z"
"crosscut","Crosscut","Open Data","DPG","mature","0","52","71","0","United States of America","CC0-1.0","SDG-03; SDG-10","","private","https://crosscut.io/","2026-09-01T02:26:27.112Z"
"dalgo","Dalgo","Open Software","DPG","mature","0","52","63","0","India","AGPL-3.0","SDG-03; SDG-04; SDG-06; SDG-08; SDG-09","","private","https://dalgo.in/","2026-09-01T02:26:27.112Z"
"data-norge","Data Norge","Open Software","DPG","stagnant","0","53","99","0","Norway","Apache-2.0","SDG-09; SDG-16","","government","https://data.norge.no/","2026-09-01T02:26:53.542Z"
"data-observation-toolkit","Data Observation Toolkit","Open Software","DPG","abandoned","0","39","57","0","Lesotho; Kenya; Uganda","MIT","SDG-03","","ngo non profit","https://www.datakind.org/2022/11/17/building-confidence-in-community-health-systems-datakinds-data-observation-toolkit-dot/","2026-09-01T02:26:54.925Z"
"data-to-policy-navigator","Data to Policy Navigator","Open Content","DPG","mature","0","52","37","0","United States of America","CC-BY-NC-SA-3.0","SDG-10; SDG-17","","multilateral","https://www.datatopolicy.org/","2026-09-01T02:26:27.112Z"
"database-of-greek-and-latin-conjectural-emendations-attested-in-mss","Database of Greek and Latin Conjectural Emendations Attested in MSS","Open Data","DPG","abandoned","0","39","39","0","United States of America","ODbL-1.0","SDG-04; SDG-09","","ngo non profit","https://t18d.github.io/attested-conjectures/","2026-09-01T02:26:54.908Z"
"decidim","Decidim","Open Software","DPG","growing","75","39","100","0","Paraguay; Portugal; Belgium; Germany; Japan; United States of America; Cameroon; Finland; Mexico; Spain; Argentina; Italy; Andorra; Brazil; France; Poland; Canada; Switzerland; Austria","AGPL-3.0","SDG-10","","ngo non profit","https://decidim.org/","2026-09-01T02:26:55.232Z"
"deon","Deon","Open Software","DPG","abandoned","0","39","41","0","United States of America","MIT","SDG-10","","private","https://deon.drivendata.org/","2026-09-01T02:26:54.955Z"
"designsystemet","Designsystemet","Open Software","DPG","stagnant","25","39","51","0","","MIT","SDG-16; SDG-17","","government","http://www.designsystemet.no/","2026-09-01T02:26:56.718Z"
"provenance-services-with-smart-data-agreements-using-data-exchange-protocols","DEXA Protocol","Open Software","DPG","mature","3","54","79","0","India; Sweden","Apache-2.0","SDG-09; SDG-11","","private","https://ontochain.ngi.eu/content/ps-sda","2026-09-01T02:26:27.113Z"
"dicra","DiCRA","Open Software","DPG","abandoned","0","39","100","0","India","MIT","SDG-13","","multilateral","https://dicra.nabard.org/","2026-09-01T02:26:56.661Z"
"digital-impact-exchange","Digital Impact Exchange","Open Software","DPG","mature","0","52","77","0","United States of America","AGPL-3.0","SDG-09; SDG-10; SDG-17","","other","https://exchange.dial.global/","2026-09-01T02:26:27.113Z"
"docs-collaborative-text-editing","Docs - Collaborative Text Editing","Open Software","DPG","growing","75","39","39","0","Germany; France","MIT","SDG-09","","government","https://docs.numerique.gouv.fr/","2026-09-01T02:26:56.652Z"
"doptor-open-data","Doptor Open Data","Open Data","DPG","mature","0","52","43","0","Bangladesh","CC-BY-4.0","SDG-16; SDG-17","","government","http://dpgdata.doptor.gov.bd/","2026-09-01T02:26:27.114Z"
"e-heza","E-Heza","Open Software","DPG","growing","75","39","100","0","Somalia; Rwanda; Burundi","Apache-2.0","SDG-02; SDG-03; SDG-05; SDG-08","","ngo non profit","https://tip-global-health.github.io/eheza-documentation/","2026-09-01T02:26:58.335Z"
"eco-index-biodiversity-dashboards","Eco-Index Biodiversity Dashboards","Open Software","DPG","abandoned","0","37","61","0","New Zealand","GPL-3.0","SDG-15","","ngo non profit","https://eco-index.nz/","2026-09-01T02:26:58.346Z"
"ekshop-marketplace","ekShop Marketplace","Open Software","DPG","stagnant","0","45","77","0","Bangladesh","Apache-2.0","SDG-01; SDG-08; SDG-09; SDG-10; SDG-12","","government","https://dpg.ekshop.gov.bd/","2026-09-01T02:26:58.060Z"
"element","Element","Open Software","DPG","growing","75","39","100","0","Hungary; Slovakia; Latvia; Ireland; Sweden; Croatia; Portugal; United Kingdom; Denmark; Australia; Belgium; Scotland; Slovenia; Serbia; Estonia; Germany; Romania; Ukraine; United States of America; Luxembourg; Albania; Lithuania; Montenegro; Iceland; Turkey; Finland; Georgia; Liechtenstein; Moldova; Bosnia and Herzegovina; Italy; Netherlands; Bulgaria; Greece; Malta; Andorra; France; Monaco; Poland; New Zealand; Canada; Switzerland; Norway; Cyprus; Czechia (Czech Republic)","AGPL-3.0","SDG-09","","private","https://element.io/","2026-09-01T02:26:58.240Z"
"energy-access-explorer","Energy Access Explorer","Open Software","DPG","mature","0","74","83","0","India; Sweden; Zambia; Kenya; United States of America; Ethiopia; Uganda; Spain; Nigeria; Greece; Tanzania; Nepal","MIT","SDG-07","","ngo non profit","https://energyaccessexplorer.org/","2026-09-01T02:26:27.115Z"
"epico","epiCo","Open Software","DPG","abandoned","0","22","29","0","Colombia","MIT","SDG-03","","ngo non profit","https://epiverse-trace.github.io/epiCo","2026-09-01T02:26:59.730Z"
"ersilia-model-hub","Ersilia Model Hub","Open Software","DPG","emerging","66","39","75","0","South Africa; Cameroon; Spain; Austria","GPL-3.0","SDG-03; SDG-04; SDG-17","","ngo non profit","https://ersilia.io/","2026-09-01T02:26:59.733Z"
"everwell-hub","Everwell Hub","Open Software","DPG","stagnant","0","53","53","0","Democratic Republic of the Congo [DRC]; India; South Africa; Ukraine; Philippines; Ethiopia; Bangladesh; Myanmar [Burma]; Nigeria; Burkina Faso; Tanzania","MIT","SDG-03","","private","https://www.everwell.org/","2026-09-01T02:26:59.652Z"
"fao-agricultural-stress-index-system","FAO Agricultural Stress Index System","Open Data","DPG","mature","0","52","41","0","Italy","CC-BY-4.0","SDG-01; SDG-02; SDG-13","","ngo non profit","https://www.fao.org/giews/earthobservation/","2026-09-01T02:26:27.115Z"
"fao-digital-services-portfolio","FAO Digital Services Portfolio","Open Content","DPG","mature","0","76","69","0","Sri Lanka; Jordan; Venezuela; Kazakhstan; Egypt; Haiti; Bangladesh; Georgia; Iraq; Rwanda; Kyrgyzstan; Senegal; Tanzania","CC-BY-NC-SA-3.0","SDG-01; SDG-05; SDG-10; SDG-17","","multilateral","https://digital.apps.fao.org/","2026-09-01T02:26:27.116Z"
"global-administrative-unit-layers-gaul-2024","FAO Global Administrative Unit Layers","Open Data","DPG","mature","0","50","43","0","","CC-BY-4.0","SDG-01","","multilateral","https://data.apps.fao.org/?lang=en","2026-09-01T02:26:27.116Z"
"faolex","FAOLEX","Open Content","DPG","mature","0","52","33","0","Italy","CC-BY-NC-SA-3.0","SDG-05; SDG-12; SDG-14; SDG-15","","multilateral","https://www.fao.org/faolex/en/","2026-09-01T02:26:27.116Z"
"farmos","farmOS","Open Software","DPG","mature","0","72","87","0","India; Ireland; Sweden; Malaysia; United Kingdom; Australia; Germany; Uganda; Spain; New Zealand; Norway","GPL-2.0","SDG-02; SDG-12; SDG-13","","private","https://farmos.org/","2026-09-01T02:26:27.116Z"
"farmstack","FarmStack","Open Software","DPG","stagnant","0","41","100","0","India; Kenya; United States of America; Ethiopia","Apache-2.0","SDG-02; SDG-10","","private","https://www.farmstack.co/","2026-09-01T02:27:01.222Z"
"fedora-linux","Fedora Linux","Open Software","DPG","mature","0","100","100","0","Hungary; Indonesia; Cambodia; Slovakia; Antigua and Barbuda; India; Yemen; Vietnam; Afghanistan; Latvia; Sri Lanka; Ireland; Samoa; Solomon Islands; Tonga; Jordan; Lesotho; Sweden; Chile; Venezuela; Zambia; Gambia; Croatia; Palau; Mauritius; Malaysia; Paraguay; Colombia; Kiribati; Turkmenistan; Lebanon; South Africa; Tunisia; Sierra Leone; Bolivia; Malawi; Portugal; United Kingdom; Ecuador; Angola; Nauru; Dominica; Madagascar; Denmark; Australia; Belgium; Slovenia; Tuvalu; Bhutan; Serbia; Estonia; Germany; Niger; Eritrea; Romania; South Korea; Kenya; Japan; Papua New Guinea; Uruguay; San Marino; Mongolia; Guinea; Seychelles; Marshall Islands; Bahamas; Qatar; Honduras; Armenia; Guatemala; Ukraine; Chad; Saint Lucia; Somalia; Central African Republic; Tajikistan; Luxembourg; El Salvador; Kazakhstan; Albania; Panama; Fiji; Egypt; Equatorial Guinea; Lithuania; Belarus; Cameroon; Gabon; Trinidad and Tobago; Pakistan; Kuwait; Philippines; Montenegro; Ethiopia; Uganda; Iceland; Haiti; Turkey; Comoros; Zimbabwe; Finland; Nicaragua; Bangladesh; Belize; Micronesia; Saudi Arabia; Mexico; Oman; Liberia; Suriname; Georgia; Iraq; Laos; Dominican Republic; Uzbekistan; Algeria; Spain; Liechtenstein; Namibia; Rwanda; Argentina; Jamaica; Morocco; Benin; Moldova; Bosnia and Herzegovina; United Arab Emirates; Nigeria; Italy; Burkina Faso; Netherlands; Ghana; Burundi; Bahrain; Mozambique; Vanuatu; Togo; Kyrgyzstan; Bulgaria; Mali; Mauritania; Israel; Senegal; Greece; Djibouti; China; Malta; Barbados; Botswana; Tanzania; Singapore; Guyana; Azerbaijan; Andorra; Grenada; Brazil; France; Monaco; Poland; Brunei; New Zealand; Canada; Saint Vincent and the Grenadines; Maldives; Switzerland; Norway; Nepal; Russia; Timor-Leste; Costa Rica; Saint Kitts and Nevis; Austria; Libya; Guinea-Bissau; Peru; Thailand; Cyprus","0BSD","SDG-08","","unknown","https://fedoraproject.org/","2026-09-01T02:26:27.116Z"
"feluda","Feluda","Open Software","DPG","stagnant","5","39","37","0","India","GPL-3.0","SDG-16; SDG-17","","private","https://tattle.co.in/products/feluda","2026-09-01T02:27:02.619Z"
"finalsize","finalsize","Open Software","DPG","abandoned","0","39","39","0","United Kingdom","MIT","SDG-03; SDG-17","","private","https://epiverse-trace.github.io/finalsize/","2026-09-01T02:27:02.589Z"
"fireform","FireForm","Open Software","DPG","stagnant","10","39","49","0","United States of America","MIT","SDG-09; SDG-11; SDG-16","","ngo non profit","https://fireform-core.github.io/FireForm/","2026-09-01T02:27:02.667Z"
"ffqms-food-fortification-quality-management-system","Food Fortification Quality Management System","Open Software","DPG","stagnant","0","49","57","0","India","MIT","SDG-02","","ngo non profit","https://food.fortification.in/","2026-09-01T02:27:02.641Z"
"food-price-monitoring-and-analysis-fpma-tool","Food Price Monitoring and Analysis Tool","Open Data","DPG","mature","0","52","87","0","Italy","CC-BY-4.0","SDG-02","","multilateral","https://fpma.fao.org/","2026-09-01T02:26:27.117Z"
"formsg","FormSG","Open Software","DPG","stagnant","25","39","45","0","Singapore","MIT","SDG-16","","government","https://form.gov.sg/","2026-09-01T02:27:04.087Z"
"fuss-free-upgrade-for-a-digitally-sustainable-school","FUSS - Free Upgrade for a digitally Sustainable School","Open Software","DPG","mature","0","52","33","0","Italy","AGPL-3.0","SDG-04; SDG-09","","government","https://fuss.bz.it/","2026-09-01T02:26:27.118Z"
"geoprism-registry","GeoPrism Registry","Open Software","DPG","stagnant","10","39","85","0","United States of America; Laos; Mozambique","LGPL-3.0","SDG-03; SDG-13; SDG-16","","private","https://geoprismregistry.com/","2026-09-01T02:27:04.231Z"
"ghost","Ghost","Open Software","DPG","growing","75","39","47","0","","MIT","SDG-16","","ngo non profit","https://ghost.org/","2026-09-01T02:27:04.310Z"
"glific","Glific","Open Software","DPG","mature","67","52","33","0","India","AGPL-3.0","SDG-03; SDG-04; SDG-11; SDG-17","","private","https://glific.org/","2026-09-01T02:26:27.118Z"
"global-healthsites-mapping-project","Global Healthsites Mapping Project","Open Data","DPG","stagnant","0","53","100","0","Hungary; Indonesia; Cambodia; Slovakia; Antigua and Barbuda; Yemen; Afghanistan; Latvia; Ireland; Samoa; Solomon Islands; Sudan; Tonga; Jordan; Lesotho; Sweden; Chile; Venezuela; Zambia; Gambia; Croatia; Palau; Malaysia; Paraguay; Colombia; Kiribati; Turkmenistan; Lebanon; South Africa; Tunisia; Sierra Leone; Bolivia; Malawi; Portugal; Ecuador; Angola; Nauru; Dominica; Madagascar; Denmark; Australia; Belgium; Slovenia; Tuvalu; Bhutan; Serbia; Estonia; Niger; Eritrea; Romania; Kenya; Japan; Papua New Guinea; Uruguay; Mongolia; Guinea; Seychelles; Marshall Islands; Bahamas; Qatar; Honduras; Armenia; Guatemala; Ukraine; Chad; Somalia; Central African Republic; Luxembourg; El Salvador; Kazakhstan; Albania; Panama; Fiji; Egypt; Equatorial Guinea; Lithuania; Belarus; Cameroon; Gabon; Trinidad and Tobago; Pakistan; Kuwait; Philippines; Montenegro; Ethiopia; Uganda; Iceland; Haiti; Turkey; Comoros; Cuba; Zimbabwe; Finland; Nicaragua; Bangladesh; Belize; Micronesia; Saudi Arabia; Oman; Liberia; Georgia; Iraq; Dominican Republic; Uzbekistan; Algeria; Spain; Liechtenstein; Namibia; Rwanda; Argentina; Jamaica; Morocco; Benin; Bosnia and Herzegovina; United Arab Emirates; Nigeria; Italy; Burkina Faso; Ghana; Burundi; Bahrain; Mozambique; Vanuatu; Togo; Kyrgyzstan; Bulgaria; Mali; Mauritania; Israel; Senegal; Greece; Djibouti; China; Malta; Barbados; Botswana; Tanzania; Guyana; Azerbaijan; Andorra; Grenada; Brazil; Iran; Monaco; Poland; New Zealand; Canada; Maldives; Switzerland; Norway; Nepal; Timor-Leste; Costa Rica; Saint Kitts and Nevis; Austria; Libya; Guinea-Bissau; Peru; Cyprus; Syria","BSD-3-Clause; ODbL-1.0","SDG-03","","private","https://healthsites.io/","2026-09-01T02:27:05.713Z"
"global-human-settlement-layer","Global Human Settlement Layer","Open Data","DPG","mature","0","100","100","0","Hungary; Indonesia; Cambodia; Slovakia; Antigua and Barbuda; India; Yemen; Vietnam; Afghanistan; Latvia; Sri Lanka; Ireland; Samoa; Solomon Islands; Sudan; Tonga; Jordan; Lesotho; Sweden; Chile; Venezuela; Zambia; Gambia; Croatia; Palau; Mauritius; Malaysia; Paraguay; Colombia; Kiribati; Turkmenistan; Lebanon; South Africa; Tunisia; Sierra Leone; Bolivia; Malawi; Portugal; United Kingdom; Ecuador; Angola; Nauru; Dominica; Madagascar; Denmark; Australia; Belgium; Scotland; Slovenia; Tuvalu; Bhutan; Serbia; Estonia; Germany; Niger; Eritrea; Romania; South Korea; Kenya; Japan; Papua New Guinea; Uruguay; San Marino; Mongolia; Guinea; Seychelles; North Korea; Marshall Islands; Bahamas; Qatar; Honduras; Armenia; Guatemala; Ukraine; Chad; Saint Lucia; Somalia; United States of America; Central African Republic; Tajikistan; Luxembourg; El Salvador; Kazakhstan; Albania; Panama; Fiji; Egypt; Equatorial Guinea; Lithuania; Belarus; Cameroon; North Macedonia; Gabon; Trinidad and Tobago; Pakistan; Kuwait; Philippines; Montenegro; Ethiopia; Uganda; Iceland; Haiti; Turkey; Comoros; Cuba; Zimbabwe; Finland; Nicaragua; Bangladesh; Belize; Micronesia; Saudi Arabia; Mexico; Oman; Liberia; Suriname; Georgia; Iraq; Laos; Dominican Republic; Uzbekistan; Algeria; Spain; Liechtenstein; Namibia; Rwanda; Argentina; Morocco; Benin; Moldova; Bosnia and Herzegovina; United Arab Emirates; Nigeria; Italy; Burkina Faso; Netherlands; Ghana; Burundi; Bahrain; Mozambique; Vanuatu; Togo; Kyrgyzstan; Bulgaria; Mali; Mauritania; Israel; Senegal; Greece; Djibouti; China; Malta; Barbados; Botswana; Tanzania; Singapore; Guyana; Azerbaijan; Andorra; Grenada; Brazil; France; Iran; Monaco; Poland; Brunei; New Zealand; Canada; Saint Vincent and the Grenadines; Maldives; Switzerland; Norway; Nepal; Russia; Timor-Leste; Costa Rica; Saint Kitts and Nevis; Austria; Libya; Guinea-Bissau; Peru; Thailand; Cyprus; Syria; Czechia (Czech Republic); Democratic Republic of the Congo; South Sudan; Holy See; Congo (Congo-Brazzaville); Myanmar (formerly Burma); Cabo Verde; Palestine State; Sao Tome and Principe; Eswatini (fmr. ""Swaziland"")","CC-BY-4.0","SDG-01; SDG-02; SDG-03; SDG-04; SDG-11","","multilateral","https://human-settlement.emergency.copernicus.eu/index.php","2026-09-01T02:26:27.118Z"
"global-open-facility-registry","Global Open Facility Registry","Open Software","DPG","abandoned","0","33","41","0","Ethiopia; Tanzania","Apache-2.0","SDG-03","","ngo non profit","https://www.facilitymatch.net/","2026-09-01T02:27:05.646Z"
"globaleaks","GLOBALEAKS","Open Software","DPG","growing","75","39","89","0","Hungary; South Africa; Tunisia; Portugal; Ecuador; Madagascar; Germany; Ukraine; United States of America; Central African Republic; Luxembourg; Lithuania; Spain; United Arab Emirates; Italy; Netherlands; Bulgaria; France; Peru; Thailand; Czechia (Czech Republic)","AGPL-3.0","SDG-16","","ngo non profit","https://www.globaleaks.org/","2026-09-01T02:27:05.788Z"
"godata","Go.Data","Open Software","DPG","abandoned","0","39","100","0","Vietnam; Chile; Colombia; Kiribati; South Africa; Sierra Leone; Swaziland; Bahamas; United States of America; Philippines; Uganda; Mexico; Georgia; Italy; Vanuatu; Brazil; Switzerland","GPL-3.0","SDG-03; SDG-06; SDG-08; SDG-11","","multilateral","https://www.who.int/tools/godata","2026-09-01T02:27:07.141Z"
"govdirectory","Govdirectory","Open Data","DPG","abandoned","0","39","100","0","Indonesia; India; Latvia; Ireland; Sweden; Chile; Malaysia; South Africa; Portugal; United Kingdom; Denmark; Belgium; Germany; Uruguay; Ukraine; Luxembourg; Cameroon; Philippines; Iceland; Cuba; Finland; Morocco; Netherlands; Ghana; Malta; Singapore; New Zealand; Canada; Switzerland; Norway; Nepal; Russia; Timor-Leste; Austria; Peru; Czechia (Czech Republic)","CC0-1.0","SDG-16","","other","https://govdirectory.org/","2026-09-01T02:27:07.347Z"
"green-roads-toolkit","Green Roads Toolkit","Open Content","DPG","mature","0","50","41","0","","CC-BY-4.0","SDG-06; SDG-07; SDG-11; SDG-13; SDG-15","","private","https://data.adb.org/dataset/green-roads-toolkit","2026-09-01T02:26:27.119Z"
"grievance-redress-system-grs","Grievance Redress  System (GRS)","Open Software","DPG","mature","0","52","63","0","Bangladesh","Apache-2.0","SDG-05; SDG-10; SDG-16","","government","https://dpg.grs.gov.bd/","2026-09-01T02:26:27.120Z"
"hand-in-hand-geospatial-platform","Hand-in-Hand Geospatial Platform","Open Data","DPG","mature","0","100","100","0","Cambodia; Yemen; Afghanistan; Sri Lanka; Solomon Islands; Sudan; Lesotho; Zambia; Gambia; Paraguay; Colombia; Kiribati; Bolivia; Malawi; Ecuador; Angola; Madagascar; Tuvalu; Bhutan; Niger; Eritrea; Kenya; Papua New Guinea; Mongolia; Guinea; Honduras; Guatemala; Chad; Somalia; Central African Republic; Tajikistan; El Salvador; Cameroon; Gabon; Pakistan; Philippines; Ethiopia; Uganda; Haiti; Comoros; Cuba; Zimbabwe; Nicaragua; Bangladesh; Iraq; Laos; Dominican Republic; Rwanda; Benin; Nigeria; Burkina Faso; Burundi; Mozambique; Vanuatu; Togo; Mali; Mauritania; Senegal; Djibouti; Tanzania; Guyana; Nepal; Guinea-Bissau; Peru; Syria; Democratic Republic of the Congo; South Sudan; Myanmar (formerly Burma); Cabo Verde; Sao Tome and Principe","CC-BY-4.0","SDG-01; SDG-02; SDG-09; SDG-17","","multilateral","https://www.fao.org/hih-geospatial-platform/en/","2026-09-01T02:26:27.120Z"
"harmony","Harmony","Open Software","DPG","abandoned","0","33","63","0","Vietnam; Zambia; South Africa; Pakistan; Ethiopia; Rwanda; Mozambique; Brazil; Guinea-Bissau","AGPL-3.0","SDG-01; SDG-03; SDG-05; SDG-06; SDG-08; SDG-17","","private","https://www.zenysis.com/solution/platform/","2026-09-01T02:27:08.803Z"
"hcw-at-home","HCW@Home","Open Software","DPG","mature","0","54","51","0","Mali; Switzerland","GPL-3.0","SDG-03","","private","https://hcw-at-home.com/","2026-09-01T02:26:27.124Z"
"health-claims-data-exchange-hcx-platform","Health Claims Data Exchange","Open Software","DPG","abandoned","0","33","73","0","India","MIT","SDG-03; SDG-09","","ngo non profit","https://swasthalliance.org/health-claims-exchange.html","2026-09-01T02:27:08.823Z"
"hope-humanitarian-cash-operations-and-programme-ecosystem","HOPE","Open Software","DPG","growing","75","39","100","0","Slovakia; Antigua and Barbuda; Vietnam; Afghanistan; Sri Lanka; Sudan; Madagascar; Niger; Kenya; Ukraine; Central African Republic; Belarus; Cameroon; Trinidad and Tobago; Philippines; Haiti; Bangladesh; Nigeria; Mali; Syria; Czechia (Czech Republic); Democratic Republic of the Congo; South Sudan; Palestine State","AGPL-3.0","SDG-01; SDG-02; SDG-03; SDG-04; SDG-06; SDG-10","","multilateral","https://www.unicef.org/hope-hct","2026-09-01T02:27:09.011Z"
"hot-tasking-manager","HOT Tasking Manager","Open Software","DPG","mature","100","100","100","0","Indonesia; Cambodia; Slovakia; Antigua and Barbuda; India; Yemen; Vietnam; Afghanistan; Sri Lanka; Samoa; Solomon Islands; Sudan; Tonga; Jordan; Lesotho; Sweden; Chile; Venezuela; Zambia; Malaysia; Paraguay; Colombia; Kiribati; Turkmenistan; South Africa; Tunisia; Sierra Leone; Bolivia; Malawi; Portugal; United Kingdom; Ecuador; Angola; Madagascar; Australia; Bhutan; Serbia; Germany; Niger; South Korea; Kenya; Japan; Papua New Guinea; Uruguay; Guinea; Honduras; Guatemala; Chad; Saint Lucia; Somalia; United States of America; Central African Republic; Tajikistan; El Salvador; Albania; Panama; Fiji; Egypt; Equatorial Guinea; Cameroon; Gabon; Trinidad and Tobago; Pakistan; Philippines; Ethiopia; Uganda; Haiti; Turkey; Comoros; Zimbabwe; Nicaragua; Bangladesh; Belize; Mexico; Liberia; Suriname; Laos; Dominican Republic; Uzbekistan; Algeria; Spain; Namibia; Rwanda; Argentina; Jamaica; Morocco; Benin; Nigeria; Burkina Faso; Netherlands; Ghana; Burundi; Mozambique; Togo; Kyrgyzstan; Mali; Mauritania; Senegal; Djibouti; Barbados; Botswana; Tanzania; Singapore; Guyana; Azerbaijan; Brazil; France; Canada; Saint Vincent and the Grenadines; Norway; Nepal; Costa Rica; Libya; Guinea-Bissau; Peru; Thailand; Syria; Czechia (Czech Republic); Democratic Republic of the Congo; South Sudan; Congo (Congo-Brazzaville); Myanmar (formerly Burma); ""Eswatini (fmr. ""Swaziland"")""; Sao Tome and Principe","BSD-2-Clause","SDG-05; SDG-06; SDG-11; SDG-13","","ngo non profit","https://tasks.hotosm.org/","2026-09-01T02:26:27.124Z"
"iaso","IASO","Open Software","DPG","growing","75","39","100","0","Belgium; Niger; Central African Republic; Cameroon; Uganda; Haiti; Benin; Nigeria; Burkina Faso; Burundi; Mali; Senegal; Democratic Republic of the Congo; South Sudan","MIT","SDG-02; SDG-03; SDG-04","","private","https://www.openiaso.com/","2026-09-01T02:27:10.702Z"
"iati-data","IATI Data","Open Data","DPG","mature","0","50","31","0","","CC-BY-4.0","SDG-17","","other","https://iatistandard.org/","2026-09-01T02:26:27.124Z"
"if-me","if me","Open Software","DPG","stagnant","25","39","45","0","United States of America; Canada","AGPL-3.0","SDG-03","","ngo non profit","https://www.if-me.org/","2026-09-01T02:27:10.753Z"
"ihris","iHRIS","Open Software","DPG","abandoned","0","39","75","0","Democratic Republic of the Congo [DRC]; Zambia; Sierra Leone; Malawi; Kenya; Guinea; Ethiopia; Uganda; Liberia; Laos; Namibia; Benin; Nigeria; Togo; Mali; Senegal; Botswana; Tanzania; Nepal; Timor-Leste","LGPL-3.0","SDG-03","","ngo non profit","https://www.ihris.org/","2026-09-01T02:27:10.530Z"
"immunization-calculation-engine","Immunization Calculation Engine","Open Software","DPG","emerging","25","47","39","0","United States of America","LGPL-3.0","SDG-03","","private","https://cdsframework.atlassian.net/wiki/spaces/ICE/overview","2026-09-01T02:27:10.424Z"
"indonesian-phoneme-recognizer","Indonesian Phoneme Recognizer","Open AI System","DPG","stagnant","0","53","39","0","Indonesia","Apache-2.0","SDG-04","","private","https://bookbot-hive.github.io/k2-indonesian-asr/","2026-09-01T02:27:12.126Z"
"interfacer","Interfacer","Open Software","DPG","mature","18","52","45","0","Netherlands","AGPL-3.0","SDG-09; SDG-11; SDG-12; SDG-13; SDG-17","","ngo non profit","https://interfacer.dyne.org/","2026-09-01T02:26:27.125Z"
"isomer","Isomer","Open Software","DPG","stagnant","25","39","67","0","Singapore","MIT","SDG-16","","government","https://isomer.gov.sg/","2026-09-01T02:27:12.222Z"
"iverify","iVerify","Open Software","DPG","abandoned","0","39","100","0","Democratic Republic of the Congo [DRC]; Zambia; Sierra Leone; Madagascar; Honduras; North Macedonia; Pakistan; Nigeria","AGPL-3.0","SDG-16","","multilateral","https://www.undp.org/digital/iverify","2026-09-01T02:27:12.093Z"
"ivttoken","IVTToken","Open Software","DPG","abandoned","0","33","43","0","Brazil","AGPL-3.0","SDG-04; SDG-09; SDG-17","","private","https://ivttoken.vercel.app/en/main","2026-09-01T02:27:12.203Z"
"janssen-project","Janssen Project","Open Software","DPG","growing","75","39","100","0","Hungary; Indonesia; India; Latvia; Sri Lanka; Ireland; Colombia; Bolivia; United Kingdom; Belgium; Slovenia; Estonia; Germany; Japan; Ukraine; United States of America; Kazakhstan; Egypt; Belarus; Cameroon; Philippines; Turkey; Zimbabwe; Finland; Bangladesh; Mexico; Dominican Republic; Argentina; United Arab Emirates; Italy; Netherlands; Bahrain; Israel; Botswana; Singapore; Azerbaijan; France; New Zealand; Canada","Apache-2.0","SDG-09","","ngo non profit","https://docs.jans.io/","2026-09-01T02:27:15.311Z"
"jellow-aac-communicator","Jellow AAC Communicator","Open Software","DPG","stagnant","25","39","85","0","India; Sri Lanka; Portugal; United Kingdom; Australia; Bhutan; Germany; United States of America; Bangladesh; Spain; Nigeria; Singapore; Brazil; Canada; Nepal","BSD-3-Clause","SDG-04","","private","https://jellow.org/jellow-basic.php","2026-09-01T02:27:13.581Z"
"jembi-master-patient-index","JemPI","Open Software","DPG","abandoned","0","33","35","0","Sri Lanka; Kenya","MPL-2.0","SDG-03; SDG-09","","ngo non profit","https://jembi.gitbook.io/jempi","2026-09-01T02:27:13.643Z"
"joomla-joomla-content-management-system","Joomla CMS","Open Software","DPG","growing","75","39","55","0","","GPL-2.0","SDG-09; SDG-16","","ngo non profit","https://www.joomla.org/","2026-09-01T02:27:13.835Z"
"kindly","Kindly","Open Software","DPG","abandoned","0","39","37","0","United States of America","AGPL-3.0","SDG-03; SDG-04; SDG-16","","multilateral","https://kindly.unicef.io/","2026-09-01T02:27:13.876Z"
"kolibri","Kolibri","Open Software","DPG","growing","75","39","100","0","Hungary; Indonesia; Cambodia; Slovakia; Antigua and Barbuda; India; Yemen; Vietnam; Afghanistan; Latvia; Sri Lanka; Samoa; Solomon Islands; Sudan; Tonga; Jordan; Lesotho; Sweden; Chile; Venezuela; Zambia; Gambia; Croatia; Mauritius; Malaysia; Paraguay; Colombia; Turkmenistan; Lebanon; South Africa; Tunisia; Sierra Leone; Bolivia; Malawi; Portugal; United Kingdom; Ecuador; Angola; Nauru; Dominica; Madagascar; Denmark; Australia; Belgium; Slovenia; Bhutan; Serbia; Estonia; Germany; Niger; Eritrea; Romania; South Korea; Kenya; Japan; Papua New Guinea; Uruguay; Guinea; Seychelles; North Korea; Marshall Islands; Bahamas; Qatar; Honduras; Armenia; Guatemala; Ukraine; Chad; Saint Lucia; Somalia; United States of America; Central African Republic; Tajikistan; Luxembourg; El Salvador; Kazakhstan; Albania; Panama; Fiji; Egypt; Lithuania; Belarus; Cameroon; North Macedonia; Gabon; Trinidad and Tobago; Pakistan; Kuwait; Philippines; Montenegro; Ethiopia; Uganda; Iceland; Haiti; Turkey; Comoros; Cuba; Zimbabwe; Finland; Nicaragua; Bangladesh; Belize; Micronesia; Saudi Arabia; Mexico; Oman; Liberia; Suriname; Georgia; Iraq; Laos; Dominican Republic; Uzbekistan; Algeria; Spain; Liechtenstein; Namibia; Rwanda; Argentina; Jamaica; Morocco; Benin; Moldova; Bosnia and Herzegovina; United Arab Emirates; Nigeria; Italy; Burkina Faso; Netherlands; Ghana; Burundi; Bahrain; Mozambique; Vanuatu; Togo; Kyrgyzstan; Bulgaria; Mali; Mauritania; Israel; Senegal; Greece; China; Malta; Barbados; Botswana; Tanzania; Singapore; Guyana; Azerbaijan; Andorra; Grenada; Brazil; France; Iran; Poland; Brunei; New Zealand; Canada; Saint Vincent and the Grenadines; Maldives; Switzerland; Norway; Nepal; Russia; Timor-Leste; Costa Rica; Austria; Libya; Guinea-Bissau; Peru; Thailand; Cyprus; Syria; Czechia (Czech Republic); Democratic Republic of the Congo; South Sudan; Congo (Congo-Brazzaville); Cabo Verde; Palestine State; Sao Tome and Principe","MIT","SDG-04","","ngo non profit","https://learningequality.org/kolibri/","2026-09-01T02:27:17.157Z"
"la-suite-drive-collaborative-file-sharing","LaSuite Drive","Open Software","DPG","mature","59","50","41","0","","MIT","SDG-09","","government","https://fichiers.numerique.gouv.fr/","2026-09-01T02:26:27.126Z"
"la-suite-meet-simple-video-conferencing","LaSuite Meet","Open Software","DPG","stagnant","25","39","53","0","France","MIT","SDG-09","","government","https://visio.numerique.gouv.fr/","2026-09-01T02:27:16.684Z"
"lei","LEI","Open Data","DPG","mature","0","76","75","0","India; Sweden; United Kingdom; Denmark; Australia; Germany; United States of America; Finland; China; France; Poland; Switzerland; Austria","CC0-1.0","SDG-08; SDG-09; SDG-16","","ngo non profit","","2026-09-01T02:26:27.126Z"
"lexsitus","Lexsitus","Open Content","DPG","mature","0","56","45","0","India; United States of America; Italy","CC-BY-NC-SA-4.0","SDG-16","","ngo non profit","https://cilrap-lexsitus.org/","2026-09-01T02:26:27.126Z"
"libreoffice","LibreOffice","Open Software","DPG","mature","0","100","100","0","Hungary; Indonesia; Cambodia; Slovakia; India; Vietnam; Latvia; Sri Lanka; Ireland; Sweden; Chile; Venezuela; Gambia; Croatia; Malaysia; Paraguay; Colombia; Turkmenistan; South Africa; Tunisia; Bolivia; Portugal; United Kingdom; Ecuador; Angola; Madagascar; Denmark; Australia; Belgium; Slovenia; Serbia; Estonia; Germany; Romania; South Korea; Japan; Papua New Guinea; Uruguay; San Marino; Mongolia; Guinea; Honduras; Guatemala; Ukraine; Chad; Central African Republic; Tajikistan; Luxembourg; El Salvador; Kazakhstan; Albania; Panama; Egypt; Lithuania; Belarus; Trinidad and Tobago; Pakistan; Philippines; Montenegro; Iceland; Haiti; Turkey; Cuba; Finland; Nicaragua; Bangladesh; Saudi Arabia; Mexico; Oman; Iraq; Dominican Republic; Uzbekistan; Spain; Liechtenstein; Argentina; Morocco; Moldova; Bosnia and Herzegovina; United Arab Emirates; Nigeria; Italy; Burkina Faso; Netherlands; Ghana; Mozambique; Togo; Kyrgyzstan; Bulgaria; Mali; Israel; Senegal; Greece; China; Malta; Singapore; Azerbaijan; Brazil; France; Iran; Monaco; Poland; New Zealand; Canada; Switzerland; Norway; Nepal; Russia; Costa Rica; Austria; Peru; Thailand; Cyprus","MPL-2.0","SDG-04; SDG-10","","ngo non profit","https://www.libreoffice.org/","2026-09-01T02:26:27.127Z"
"libresign","LibreSign","Open Software","DPG","mature","100","47","73","0","Brazil","AGPL-3.0","SDG-09","","unknown","https://libresign.coop/","2026-09-01T02:26:27.127Z"
"linelist","linelist","Open Software","DPG","abandoned","0","33","41","0","Gambia; Colombia; United Kingdom; France","MIT","SDG-03","","ngo non profit","https://epiverse-trace.github.io/linelist/","2026-09-01T02:27:18.524Z"
"magasin","magasin","Open Software","DPG","abandoned","0","39","87","0","Kenya; United States of America","Apache-2.0","SDG-09; SDG-17","","multilateral","https://unicef.github.io/magasin","2026-09-01T02:27:18.580Z"
"mapbiomas-brazil","MapBiomas Brazil","Open Data","DPG","stagnant","0","53","87","0","Indonesia; Chile; Venezuela; Paraguay; Colombia; Bolivia; Ecuador; Uruguay; Argentina; Guyana; Brazil; Peru","CC-BY-4.0","SDG-02; SDG-06; SDG-11; SDG-13; SDG-15","","other","https://brasil.mapbiomas.org/","2026-09-01T02:27:18.595Z"
"marine-spatial-planing-sahav","Marine Spatial Planning - SAHAV","Open Software","DPG","stagnant","0","53","69","0","","Apache-2.0","SDG-11; SDG-13; SDG-14","","government","https://marinespatialplanning.in/puducherrygeo","2026-09-01T02:27:19.949Z"
"mastodon","Mastodon","Open Software","DPG","growing","75","39","39","0","","AGPL-3.0","SDG-09; SDG-16; SDG-17","","ngo non profit","https://joinmastodon.org/","2026-09-01T02:27:20.024Z"
"mautic","Mautic","Open Software","DPG","emerging","75","28","100","0","Hungary; Indonesia; Slovakia; India; Vietnam; Latvia; Sri Lanka; Ireland; Samoa; Tonga; Sweden; Chile; Venezuela; Croatia; Palau; Mauritius; Malaysia; Paraguay; South Africa; Tunisia; Bolivia; Portugal; United Kingdom; Ecuador; Angola; Denmark; Australia; Belgium; Slovenia; Serbia; Estonia; Romania; South Korea; Kenya; Japan; Uruguay; Qatar; Guatemala; Ukraine; United States of America; Luxembourg; Panama; Egypt; Lithuania; Cameroon; Pakistan; Philippines; Turkey; Finland; Bangladesh; Saudi Arabia; Mexico; Dominican Republic; Algeria; Spain; Argentina; Morocco; United Arab Emirates; Nigeria; Italy; Netherlands; Ghana; Bulgaria; Israel; Greece; China; Malta; Tanzania; Singapore; Brazil; France; Monaco; Poland; New Zealand; Canada; Switzerland; Norway; Nepal; Russia; Costa Rica; Austria; Peru; Thailand; Cyprus","GPL-3.0","SDG-08; SDG-10","","ngo non profit","https://www.mautic.org/","2026-09-01T02:27:20.417Z"
"measuring-real-power-usage-of-software-applications","Measuring Real Power Usage of Software Applications","Open Software","DPG","stagnant","0","41","35","0","United Kingdom","Apache-2.0","SDG-09","","private","https://github.com/hsbc/mrpusa","2026-09-01T02:27:20.084Z"
"media-cloud","Media Cloud","Open Software","DPG","abandoned","0","39","65","0","South Africa; United States of America","Apache-2.0; AGPL-3.0","SDG-09","","academic","https://www.mediacloud.org/","2026-09-01T02:27:20.131Z"
"medplat","MEDPlat","Open Software","DPG","abandoned","0","39","59","0","India; Nigeria","ECL-2.0","SDG-03","","private","https://www.medplat.co.in/","2026-09-01T02:27:21.840Z"
"met-norway-weather-api","MET Norway Weather API","Open Data","DPG","mature","0","100","100","0","Hungary; Indonesia; Cambodia; Slovakia; Antigua and Barbuda; India; Yemen; Vietnam; Afghanistan; Latvia; Sri Lanka; Ireland; Samoa; Solomon Islands; Sudan; Tonga; Jordan; Lesotho; Sweden; Chile; Venezuela; Zambia; Gambia; Croatia; Mauritius; Malaysia; Paraguay; Colombia; Turkmenistan; Lebanon; South Africa; Tunisia; Sierra Leone; Bolivia; Malawi; Portugal; United Kingdom; Ecuador; Angola; Nauru; Dominica; Madagascar; Denmark; Australia; Belgium; Slovenia; Bhutan; Serbia; Estonia; Germany; Niger; Romania; South Korea; Kenya; Japan; Papua New Guinea; Uruguay; San Marino; Mongolia; Guinea; Seychelles; Bahamas; Qatar; Honduras; Armenia; Guatemala; Ukraine; Chad; Saint Lucia; Somalia; Central African Republic; Tajikistan; Luxembourg; El Salvador; Kazakhstan; Albania; Panama; Fiji; Egypt; Equatorial Guinea; Lithuania; Belarus; Cameroon; Gabon; Trinidad and Tobago; Pakistan; Kuwait; Philippines; Montenegro; Ethiopia; Uganda; Iceland; Haiti; Turkey; Comoros; Cuba; Zimbabwe; Finland; Nicaragua; Bangladesh; Belize; Micronesia; Saudi Arabia; Mexico; Oman; Liberia; Suriname; Georgia; Iraq; Laos; Dominican Republic; Uzbekistan; Algeria; Spain; Liechtenstein; Namibia; Rwanda; Argentina; Jamaica; Morocco; Benin; Moldova; Bosnia and Herzegovina; United Arab Emirates; Nigeria; Italy; Burkina Faso; Netherlands; Ghana; Burundi; Bahrain; Mozambique; Vanuatu; Togo; Kyrgyzstan; Bulgaria; Mali; Mauritania; Israel; Senegal; Greece; Djibouti; China; Malta; Barbados; Botswana; Tanzania; Singapore; Guyana; Azerbaijan; Andorra; Grenada; Brazil; France; Iran; Monaco; Poland; Brunei; New Zealand; Canada; Saint Vincent and the Grenadines; Maldives; Switzerland; Norway; Nepal; Russia; Timor-Leste; Costa Rica; Saint Kitts and Nevis; Austria; Libya; Peru; Thailand; Cyprus; Syria","CC-BY-4.0","SDG-13","","government","https://developer.yr.no/","2026-09-01T02:26:27.128Z"
"mifos-payment-hub-ee-ph-ee","Mifos Payment Hub-EE (PH-EE)","Open Software","DPG","mature","0","64","47","0","Hungary; India; Sierra Leone; Kenya; Mexico; Rwanda; Tanzania","MPL-2.0","SDG-01; SDG-08; SDG-10; SDG-16","","ngo non profit","https://payments.mifos.org/","2026-09-01T02:26:27.128Z"
"mifos-x","Mifos X","Open Software","DPG","emerging","25","53","100","0","Hungary; Indonesia; Cambodia; India; Jordan; Zambia; Colombia; Lebanon; South Africa; Tunisia; Sierra Leone; Bolivia; United Kingdom; Australia; Germany; Kenya; Uruguay; Honduras; United States of America; Cameroon; Philippines; Ethiopia; Uganda; Zimbabwe; Mexico; Dominican Republic; Spain; Namibia; Rwanda; Argentina; Nigeria; Burundi; Mozambique; Mali; Senegal; China; Canada; Peru","MPL-2.0","SDG-01; SDG-08","","ngo non profit","https://mifos.org/","2026-09-01T02:27:22.055Z"
"modular-open-source-identity-platform","MOSIP","Open Software","DPG","mature","9","72","100","0","Sri Lanka; Sierra Leone; Madagascar; Niger; Guinea; Philippines; Ethiopia; Uganda; Morocco; Burkina Faso; Togo","MPL-2.0","SDG-01; SDG-02; SDG-03; SDG-04; SDG-05; SDG-08; SDG-09; SDG-10; SDG-16; SDG-17","","academic","https://mosip.io/","2026-09-01T02:26:27.128Z"
"mozilla-common-voice-dataset","Mozilla Common Voice dataset","Open Data","DPG","mature","0","52","39","0","United States of America","CC0-1.0","SDG-05; SDG-10; SDG-17","","ngo non profit","https://commonvoice.mozilla.org/","2026-09-01T02:26:27.128Z"
"mychild-helpline","MyChild HelpLine","Open Software","DPG","stagnant","0","59","49","0","Antigua and Barbuda; Barbados; Grenada; Saint Vincent and the Grenadines","MIT","SDG-03","","multilateral","https://www.mychildhelpline.org/mychild_helpline.html","2026-09-01T02:27:23.485Z"
"national-carbon-credit-registry","National Carbon Credit Registry","Open Software","DPG","abandoned","0","39","51","0","Sudan; Gambia; Kenya; United States of America","AGPL-3.0","SDG-07; SDG-09","","multilateral","https://www.demo.carbreg.org/","2026-09-01T02:27:23.826Z"
"neotree","neotree","Open Software","DPG","stagnant","0","59","63","0","Malawi; Zimbabwe","MIT","SDG-03","","ngo non profit","https://neotree.org/","2026-09-01T02:27:23.467Z"
"nextcloud","Nextcloud Server","Open Software","DPG","growing","75","39","100","0","Hungary; Indonesia; Cambodia; Slovakia; Antigua and Barbuda; India; Yemen; Vietnam; Afghanistan; Latvia; Sri Lanka; Ireland; Samoa; Solomon Islands; Sudan; Tonga; Jordan; Lesotho; Sweden; Chile; Venezuela; Zambia; Gambia; Croatia; Palau; Mauritius; Malaysia; Paraguay; Colombia; Kiribati; Turkmenistan; Lebanon; South Africa; Tunisia; Sierra Leone; Bolivia; Malawi; Portugal; United Kingdom; Ecuador; Angola; Nauru; Dominica; Madagascar; Denmark; Australia; Belgium; Scotland; Slovenia; Tuvalu; Bhutan; Serbia; Estonia; Germany; Niger; Eritrea; Romania; South Korea; Kenya; Japan; Papua New Guinea; Uruguay; San Marino; Mongolia; Guinea; Seychelles; North Korea; Marshall Islands; Bahamas; Qatar; Honduras; Armenia; Guatemala; Ukraine; Chad; Saint Lucia; Somalia; United States of America; Central African Republic; Tajikistan; Luxembourg; El Salvador; Kazakhstan; Albania; Panama; Fiji; Egypt; Equatorial Guinea; Lithuania; Belarus; Cameroon; North Macedonia; Gabon; Trinidad and Tobago; Pakistan; Kuwait; Philippines; Montenegro; Ethiopia; Uganda; Iceland; Haiti; Turkey; Comoros; Cuba; Zimbabwe; Finland; Nicaragua; Bangladesh; Belize; Micronesia; Saudi Arabia; Mexico; Oman; Liberia; Suriname; Georgia; Iraq; Laos; Dominican Republic; Uzbekistan; Algeria; Spain; Liechtenstein; Namibia; Rwanda; Argentina; Jamaica; Morocco; Benin; Moldova; Bosnia and Herzegovina; United Arab Emirates; Nigeria; Italy; Burkina Faso; Netherlands; Ghana; Burundi; Bahrain; Mozambique; Vanuatu; Togo; Kyrgyzstan; Bulgaria; Mali; Mauritania; Israel; Senegal; Greece; Djibouti; China; Malta; Barbados; Botswana; Tanzania; Singapore; Guyana; Azerbaijan; Andorra; Grenada; Brazil; France; Iran; Monaco; Poland; Brunei; New Zealand; Canada; Saint Vincent and the Grenadines; Maldives; Switzerland; Norway; Nepal; Russia; Timor-Leste; Costa Rica; Saint Kitts and Nevis; Austria; Libya; Guinea-Bissau; Peru; Thailand; Cyprus; Syria; Czechia (Czech Republic); Democratic Republic of the Congo; South Sudan; Holy See; Congo (Congo-Brazzaville); Myanmar (formerly Burma); ""Eswatini (fmr. ""Swaziland"")""; Cabo Verde; Palestine State; Sao Tome and Principe","AGPL-3.0","SDG-09","","private","https://nextcloud.com/","2026-09-01T02:27:23.627Z"
"nise3-skills-and-certification","NiSE3 Skills and Certification","Open Software","DPG","stagnant","0","49","63","0","Bangladesh","Apache-2.0","SDG-04; SDG-08","","government","https://dpg.nise.gov.bd/","2026-09-01T02:27:25.349Z"
"notesmaster","NotesMaster","Open Content","DPG","mature","0","86","67","0","Antigua and Barbuda; Zambia; Malawi; Dominica; Saint Lucia; Trinidad and Tobago; Belize; Namibia; Jamaica; Mozambique; Vanuatu; Barbados; Botswana; Guyana; Grenada; Canada; Saint Vincent and the Grenadines; Saint Kitts and Nevis","CC-BY-SA-4.0","SDG-04; SDG-05; SDG-10; SDG-11; SDG-17","","private","https://notesmaster.com/","2026-09-01T02:26:27.129Z"
"oky","Oky","Open Software","DPG","abandoned","0","39","79","0","Indonesia; India; South Africa; Kenya; Mongolia; Ukraine; Philippines; Mexico; Burundi; Kyrgyzstan; Tanzania; Nepal","AGPL-3.0","SDG-03; SDG-05; SDG-06","","multilateral","https://okyapp.info/","2026-09-01T02:27:25.366Z"
"oobee","Oobee","Open Software","DPG","stagnant","25","39","43","0","Singapore","MIT","SDG-10","","government","https://go.gov.sg/oobee","2026-09-01T02:27:25.403Z"
"open-concept-lab","Open Concept Lab","Open Software","DPG","mature","0","56","61","0","Kenya; Ethiopia; Brazil","MPL-2.0","SDG-03","","private","https://openconceptlab.org/","2026-09-01T02:26:27.129Z"
"open-contracting-portal-1","Open Contracting Portal","Open Software","DPG","stagnant","0","59","39","0","Kenya","MIT","SDG-16","","ngo non profit","https://devgateway.github.io/ocportal/","2026-09-01T02:27:26.814Z"
"open-data-editor","Open Data Editor","Open Software","DPG","stagnant","20","39","63","0","Cambodia; India; Croatia; South Africa; Germany; Kenya; Mexico; Spain; Ghana; France; Nepal","MIT","SDG-09; SDG-11; SDG-16","","ngo non profit","https://okfn.org/en/projects/open-data-editor/","2026-09-01T02:27:26.886Z"
"open-food-facts","Open Food Facts","Open Data","DPG","mature","0","100","100","0","Hungary; Indonesia; Cambodia; Slovakia; Antigua and Barbuda; India; Yemen; Vietnam; Afghanistan; Latvia; Sri Lanka; Ireland; Samoa; Solomon Islands; Sudan; Tonga; Jordan; Lesotho; Sweden; Venezuela; Zambia; Gambia; Croatia; Palau; Mauritius; Malaysia; Paraguay; Colombia; Kiribati; Turkmenistan; Lebanon; South Africa; Tunisia; Sierra Leone; Bolivia; Malawi; Portugal; United Kingdom; Ecuador; Angola; Nauru; Dominica; Madagascar; Denmark; Australia; Belgium; Scotland; Slovenia; Tuvalu; Bhutan; Serbia; Estonia; Germany; Niger; Eritrea; Romania; South Korea; Kenya; Japan; Papua New Guinea; Uruguay; San Marino; Mongolia; Guinea; Seychelles; North Korea; Marshall Islands; Bahamas; Qatar; Armenia; Guatemala; Ukraine; Chad; Saint Lucia; Somalia; United States of America; Central African Republic; Tajikistan; Luxembourg; El Salvador; Kazakhstan; Albania; Panama; Fiji; Egypt; Equatorial Guinea; Lithuania; Belarus; Cameroon; North Macedonia; Gabon; Trinidad and Tobago; Pakistan; Philippines; Montenegro; Ethiopia; Uganda; Iceland; Haiti; Turkey; Comoros; Cuba; Zimbabwe; Finland; Nicaragua; Bangladesh; Belize; Micronesia; Saudi Arabia; Mexico; Oman; Liberia; Suriname; Georgia; Iraq; Laos; Dominican Republic; Uzbekistan; Algeria; Spain; Liechtenstein; Namibia; Rwanda; Argentina; Jamaica; Morocco; Benin; Moldova; Bosnia and Herzegovina; United Arab Emirates; Nigeria; Italy; Burkina Faso; Netherlands; Ghana; Burundi; Mozambique; Vanuatu; Togo; Kyrgyzstan; Bulgaria; Mali; Mauritania; Israel; Senegal; Greece; Djibouti; China; Malta; Barbados; Tanzania; Singapore; Guyana; Azerbaijan; Andorra; Grenada; Brazil; France; Iran; Monaco; Poland; Brunei; New Zealand; Canada; Saint Vincent and the Grenadines; Maldives; Switzerland; Norway; Nepal; Russia; Timor-Leste; Costa Rica; Saint Kitts and Nevis; Austria; Libya; Guinea-Bissau; Peru; Thailand; Cyprus; Syria; Czechia (Czech Republic); Democratic Republic of the Congo; South Sudan; Holy See; Congo (Congo-Brazzaville); Myanmar (formerly Burma); ""Eswatini (fmr. ""Swaziland"")""; Cabo Verde; Palestine State; Sao Tome and Principe","ODbL-1.0; CC-BY-SA-3.0","SDG-03; SDG-13","","ngo non profit","https://openfoodfacts.org/","2026-09-01T02:26:27.130Z"
"open-health-stack","Open Health Stack","Open Software","DPG","stagnant","13","39","55","0","Indonesia; India; Sri Lanka; Malawi; Kenya; Uganda; Liberia; Nigeria","Apache-2.0","SDG-03","","private","https://developers.google.com/open-health-stack","2026-09-01T02:27:27.090Z"
"open-supply-hub","Open Supply Hub","Open Data","DPG","abandoned","0","39","99","0","India; United Kingdom; Germany; Ukraine; United States of America; Turkey; Bangladesh; Georgia; Netherlands; Brazil; Poland; Austria","CC-BY-SA-4.0","SDG-08","","ngo non profit","https://opensupplyhub.org/","2026-09-01T02:27:26.747Z"
"open-sustainable-technology","Open Sustainable Technology","Open Data","DPG","stagnant","25","39","49","0","Germany","CC-BY-4.0","SDG-11; SDG-13","","ngo non profit","https://opensustain.tech/","2026-09-01T02:27:28.568Z"
"open-terms-archive","Open Terms Archive","Open Software","DPG","mature","0","58","63","0","Belgium; Germany; France; Switzerland","EUPL-1.2","SDG-09; SDG-16; SDG-17","","ngo non profit","https://opentermsarchive.org/","2026-09-01T02:26:27.130Z"
"open-pryvio","Open-Pryv.io","Open Software","DPG","stagnant","5","39","53","0","Switzerland","BSD-3-Clause","SDG-09; SDG-16","","private","https://www.pryv.com/open-pryv/","2026-09-01T02:27:28.705Z"
"openchs","OpenCHS","Open Software","DPG","abandoned","0","39","71","0","Lesotho; Kenya; Uganda; Tanzania","GPL-3.0","SDG-03; SDG-16","","private","https://openchs.com/","2026-09-01T02:27:28.525Z"
"openclinic-ga","OpenClinic GA","Open Software","DPG","mature","0","88","83","0","Sri Lanka; Zambia; Belgium; Niger; Kenya; Albania; Cameroon; Gabon; Uganda; Bangladesh; Rwanda; Benin; Nigeria; Burundi; Mali; Senegal; Tanzania; Brazil; Peru","GPL-2.0","SDG-03","","private","https://sourceforge.net/projects/open-clinic/","2026-09-01T02:26:27.130Z"
"openews","OpenEWS","Open Software","DPG","stagnant","0","55","37","0","Cambodia; Laos","MIT","SDG-11; SDG-13","","private","https://open-ews.org/","2026-09-01T02:27:30.335Z"
"openeyes","OpenEyes","Open Software","DPG","stagnant","6","39","55","0","South Africa; United Kingdom; Australia; Trinidad and Tobago; Pakistan; Greece","AGPL-3.0","SDG-03","","ngo non profit","https://openeyes.apperta.org/","2026-09-01T02:27:30.359Z"
"openfisca","OpenFisca","Open Software","DPG","mature","72","66","79","0","United Kingdom; Australia; Japan; United States of America; Spain; United Arab Emirates; France; New Zealand","AGPL-3.0","SDG-01; SDG-08; SDG-09; SDG-10; SDG-11; SDG-13; SDG-16; SDG-17","","ngo non profit","https://openfisca.org/","2026-09-01T02:26:27.130Z"
"openhexa","OpenHexa","Open Software","DPG","abandoned","0","39","63","0","Niger; Cameroon; Rwanda; Morocco; Burkina Faso; Togo; Mali; Senegal","MIT","SDG-03","","private","https://www.bluesquarehub.com/openhexa/","2026-09-01T02:27:30.164Z"
"openmandriva-lx","OpenMandriva Lx","Open Software","DPG","mature","0","70","100","0","United Kingdom; Ecuador; Germany; Ukraine; Italy; Brazil; France; Poland; Switzerland; Russia","Apache-2.0","SDG-04; SDG-09; SDG-10; SDG-12","","ngo non profit","https://openmandriva.org/","2026-09-01T02:26:27.131Z"
"openrims","OpenRIMS","Open Software","DPG","abandoned","0","33","49","0","Afghanistan; Madagascar; Cameroon; Bangladesh; Mozambique; Nepal","GPL-3.0","SDG-03","","ngo non profit","https://openrims.org/","2026-09-01T02:27:31.705Z"
"openrims-pv","OpenRIMS-PV","Open Software","DPG","abandoned","0","33","57","0","Bangladesh; Rwanda; Mozambique","GPL-3.0","SDG-03","","ngo non profit","https://openrims.org/","2026-09-01T02:27:31.943Z"
"openstreetmap","OpenStreetMap","Open Data","DPG","mature","0","100","100","0","Hungary; Indonesia; Cambodia; Slovakia; Antigua and Barbuda; India; Yemen; Vietnam; Afghanistan; Latvia; Sri Lanka; Ireland; Samoa; Solomon Islands; Sudan; Tonga; Jordan; Lesotho; Sweden; Chile; Venezuela; Zambia; Gambia; Croatia; Palau; Mauritius; Malaysia; Paraguay; Colombia; Kiribati; Turkmenistan; Lebanon; South Africa; Tunisia; Sierra Leone; Bolivia; Malawi; United Kingdom; Ecuador; Angola; Nauru; Dominica; Madagascar; Denmark; Australia; Belgium; Slovenia; Tuvalu; Bhutan; Serbia; Estonia; Germany; Niger; Eritrea; Romania; South Korea; Kenya; Japan; Papua New Guinea; Uruguay; San Marino; Mongolia; Guinea; Seychelles; North Korea; Marshall Islands; Bahamas; Qatar; Honduras; Armenia; Guatemala; Ukraine; Chad; Saint Lucia; Somalia; Central African Republic; Tajikistan; Luxembourg; El Salvador; Kazakhstan; Albania; Panama; Fiji; Egypt; Equatorial Guinea; Lithuania; Belarus; Cameroon; Gabon; Trinidad and Tobago; Pakistan; Kuwait; Philippines; Montenegro; Ethiopia; Uganda; Iceland; Haiti; Turkey; Comoros; Cuba; Zimbabwe; Finland; Nicaragua; Bangladesh; Belize; Micronesia; Saudi Arabia; Mexico; Oman; Liberia; Suriname; Georgia; Iraq; Laos; Dominican Republic; Uzbekistan; Algeria; Spain; Liechtenstein; Namibia; Rwanda; Argentina; Jamaica; Morocco; Benin; Moldova; Bosnia and Herzegovina; United Arab Emirates; Nigeria; Italy; Burkina Faso; Netherlands; Ghana; Burundi; Bahrain; Mozambique; Vanuatu; Togo; Kyrgyzstan; Bulgaria; Mali; Mauritania; Israel; Senegal; Greece; Djibouti; China; Malta; Barbados; Botswana; Tanzania; Singapore; Guyana; Azerbaijan; Andorra; Grenada; Brazil; France; Iran; Monaco; Poland; Brunei; New Zealand; Canada; Saint Vincent and the Grenadines; Maldives; Switzerland; Norway; Nepal; Russia; Timor-Leste; Costa Rica; Saint Kitts and Nevis; Austria; Libya; Guinea-Bissau; Peru; Thailand; Cyprus; Syria","ODbL-1.0","SDG-03; SDG-06; SDG-09; SDG-10; SDG-11; SDG-13; SDG-15","","ngo non profit","https://www.openstreetmap.org/","2026-09-01T02:26:27.131Z"
"opentelerehab","OpenTeleRehab","Open Software","DPG","mature","28","54","37","0","Cambodia; Vietnam","Apache-2.0","SDG-03","","ngo non profit","https://www.opentelerehab.com/","2026-09-01T02:26:27.131Z"
"orthanc","Orthanc","Open Software","DPG","mature","0","72","55","0","Indonesia; India; Malaysia; Belgium; Germany; Kenya; United States of America; Spain; Netherlands; France; Thailand","AGPL-3.0","SDG-03; SDG-09","","academic","https://www.orthanc-server.com/","2026-09-01T02:26:27.131Z"
"oshwa-open-source-hardware-certification-program","OSHWA Open Source Hardware Certification Data","Open Data","DPG","mature","0","50","43","0","","CC-BY-SA-4.0","SDG-09","","ngo non profit","https://certification.oshwa.org/list.html","2026-09-01T02:26:27.131Z"
"ozone-his","Ozone","Open Software","DPG","mature","0","72","65","0","Cambodia; Kenya; Honduras; United States of America; Ethiopia; Haiti; Iraq; Dominican Republic; Burundi; Switzerland; Nepal","MPL-2.0","SDG-03; SDG-09","","private","https://www.ozone-his.com/","2026-09-01T02:26:27.131Z"
"peertube","PeerTube","Open Software","DPG","mature","100","62","100","0","Germany; United States of America; Finland; France; Canada; Russia","AGPL-3.0","SDG-09; SDG-16","","ngo non profit","https://joinpeertube.org/","2026-09-01T02:26:27.131Z"
"penpot","Penpot","Open Software","DPG","growing","75","39","49","0","","MPL-2.0","SDG-09","","private","https://penpot.app/","2026-09-01T02:27:33.450Z"
"polis","Pol.is","Open Software","DPG","abandoned","0","39","51","0","United Kingdom; Finland; Netherlands","AGPL-3.0","SDG-10; SDG-11; SDG-16","","ngo non profit","https://pol.is/","2026-09-01T02:27:33.453Z"
"potlock","POTLOCK","Open Software","DPG","mature","0","52","47","0","United States of America","MIT","SDG-01; SDG-08","","ngo non profit","https://potlock.org/","2026-09-01T02:26:27.131Z"
"preptime-analytics","PrepTime Analytics","Open Software","DPG","stagnant","0","53","43","0","Ghana","GPL-3.0","SDG-04","","private","https://preptimeanalytics.com/","2026-09-01T02:27:34.793Z"
"avyantra-health-technologies","PreSco: Neonatal Predictive Scoring Application and Platform","Open Software","DPG","stagnant","0","53","35","0","India","GPL-3.0","SDG-03","","private","https://www.avyantra.com/","2026-09-01T02:27:35.076Z"
"primero","Primero","Open Software","DPG","growing","75","39","100","0","Indonesia; Cambodia; Yemen; Afghanistan; Sudan; Jordan; Colombia; Lebanon; Sierra Leone; Romania; Kenya; Papua New Guinea; Guinea; Guatemala; United States of America; Central African Republic; Panama; Trinidad and Tobago; Pakistan; Philippines; Ethiopia; Uganda; Turkey; Bangladesh; Iraq; United Arab Emirates; Nigeria; Burkina Faso; Ghana; Mali; Tanzania; Brazil; Saint Vincent and the Grenadines; Nepal; Libya; Thailand; Syria","AGPL-3.0","SDG-05; SDG-08; SDG-16","","multilateral","https://www.primero.org/","2026-09-01T02:27:35.208Z"
"prism","PRISM","Open Software","DPG","abandoned","0","28","51","0","Indonesia; Cambodia; Sri Lanka; Mongolia","MIT","SDG-01; SDG-11; SDG-13","","multilateral","https://innovation.wfp.org/project/prism","2026-09-01T02:27:34.861Z"
"product-catalog-management-tool","Product Catalog Management Tool","Open Software","DPG","stagnant","0","53","47","0","Zambia; Malawi; Ethiopia; Rwanda","NPOSL-3.0","SDG-03","","ngo non profit","http://productcatalog.io/","2026-09-01T02:27:36.784Z"
"productive-forests","Productive Forests","Open Software","DPG","mature","0","52","47","0","Brazil","MIT","SDG-08; SDG-12","","private","https://www.bioverse.io/","2026-09-01T02:26:27.131Z"
"project-aedes","Project AEDES","Open AI System","DPG","stagnant","0","49","57","0","Philippines","CC-BY-SA-4.0","SDG-03","","private","https://aedesproject.org/","2026-09-01T02:27:36.576Z"
"prospect","Prospect","Open Software","DPG","emerging","23","53","75","0","Zambia; Germany; Kenya; Uganda; Liberia; Rwanda; Nigeria; Togo","AGPL-3.0","SDG-07; SDG-13","","ngo non profit","https://prospect.energy/","2026-09-01T02:27:36.696Z"
"qfield","QField","Open Software","DPG","growing","75","39","100","0","Hungary; Indonesia; Cambodia; Antigua and Barbuda; India; Afghanistan; Ireland; Jordan; Sweden; Chile; Gambia; Croatia; Colombia; Kiribati; Bolivia; Ecuador; Angola; Dominica; Denmark; Australia; Belgium; Bhutan; Germany; Eritrea; Kenya; Japan; Guinea; Bahamas; Honduras; Armenia; Guatemala; Chad; Central African Republic; El Salvador; Kazakhstan; Fiji; Egypt; Equatorial Guinea; Belarus; Cameroon; Gabon; Kuwait; Ethiopia; Iceland; Haiti; Comoros; Cuba; Finland; Bangladesh; Belize; Georgia; Iraq; Dominican Republic; Algeria; Argentina; Jamaica; Benin; Bosnia and Herzegovina; Italy; Burkina Faso; Ghana; Burundi; Bahrain; Kyrgyzstan; Bulgaria; Israel; Greece; Djibouti; China; Barbados; Botswana; Guyana; Azerbaijan; Andorra; Grenada; Brazil; France; Iran; Brunei; Canada; Switzerland; Costa Rica; Austria; Guinea-Bissau; Cyprus; Czechia (Czech Republic); Democratic Republic of the Congo; Holy See; Congo (Congo-Brazzaville); Cabo Verde; Eswatini (fmr. ""Swaziland"")","GPL-2.0","SDG-06; SDG-09; SDG-11; SDG-13; SDG-15; SDG-16","","ngo non profit","https://qfield.org/","2026-09-01T02:27:36.922Z"
"qgis","QGIS","Open Software","DPG","growing","75","39","100","0","Hungary; Taiwan; Indonesia; Czech Republic; India; Vietnam; Afghanistan; Ireland; Chile; Venezuela; Malaysia; Paraguay; Colombia; Lebanon; South Africa; Bolivia; Portugal; United Kingdom; Ecuador; Denmark; Australia; Belgium; Scotland; Estonia; Germany; South Korea; Kenya; Japan; Uruguay; Mongolia; Qatar; Honduras; Armenia; Guatemala; Ukraine; United States of America; El Salvador; Albania; Panama; Egypt; Belarus; Philippines; Hong Kong; Ethiopia; Iceland; Haiti; Turkey; Finland; Nicaragua; Bangladesh; Belize; Saudi Arabia; Mexico; Iraq; Laos; Dominican Republic; Spain; Argentina; Jamaica; United Arab Emirates; Nigeria; Italy; Netherlands; Ghana; Greenland; Mozambique; Bulgaria; Mali; Israel; Greece; China; Singapore; Brazil; France; Iran; Poland; New Zealand; Canada; Switzerland; Norway; Nepal; Russia; Costa Rica; Austria; Peru; Thailand; Czechia (Czech Republic); Democratic Republic of the Congo","GPL-2.0","SDG-11; SDG-13; SDG-15","","ngo non profit","https://qgis.org/","2026-09-01T02:27:38.454Z"
"quantification-analytics-tool","Quantification Analytics Tool","Open Software","DPG","stagnant","25","39","61","0","United States of America","Apache-2.0","SDG-03","","private","https://www.ghsupplychain.org/quantificationanalyticstool","2026-09-01T02:27:38.445Z"
"quarkid","QuarkID","Open Software","DPG","mature","0","60","51","0","Colombia; Uruguay; Mexico; Argentina; Peru","Apache-2.0","SDG-08; SDG-09; SDG-11; SDG-16","","government","https://www.quarkid.org/","2026-09-01T02:26:27.132Z"
"querido-diario","Querido Diário","Open Software","DPG","abandoned","0","39","55","0","Brazil","MIT","SDG-16","","ngo non profit","https://queridodiario.ok.org.br/","2026-09-01T02:27:38.358Z"
"rahat","Rahat","Open Software","DPG","abandoned","0","39","57","0","Indonesia; Cambodia; South Africa; Kenya; Pakistan; Bangladesh; Nepal","MPL-2.0","SDG-01; SDG-05; SDG-09","","private","https://rahat.io/","2026-09-01T02:27:38.400Z"
"rights-tracker","Rights Tracker","Open Content","DPG","mature","0","100","100","0","Indonesia; India; Vietnam; Sri Lanka; Samoa; Solomon Islands; Tonga; Jordan; Venezuela; Palau; Malaysia; Kiribati; United Kingdom; Angola; Nauru; Australia; Scotland; Tuvalu; South Korea; Kenya; Papua New Guinea; Marshall Islands; United States of America; Kazakhstan; Fiji; Zimbabwe; Bangladesh; Micronesia; Saudi Arabia; Mexico; Liberia; Uzbekistan; Nigeria; Mozambique; Vanuatu; Kyrgyzstan; China; Singapore; Brazil; New Zealand; Nepal; Thailand; Democratic Republic of the Congo; Eswatini (fmr. ""Swaziland"")","CC-BY-NC-4.0","SDG-01; SDG-02; SDG-03; SDG-04; SDG-05; SDG-06; SDG-08; SDG-10; SDG-16","","ngo non profit","https://rightstracker.org/","2026-09-01T02:26:27.132Z"
"rocky-linux","Rocky Linux","Open Software","DPG","mature","0","100","100","0","Hungary; Indonesia; Cambodia; Slovakia; Antigua and Barbuda; India; Yemen; Vietnam; Afghanistan; Latvia; Sri Lanka; Ireland; Samoa; Solomon Islands; Sudan; Tonga; Jordan; Lesotho; Sweden; Chile; Venezuela; Zambia; Gambia; Croatia; Palau; Mauritius; Malaysia; Paraguay; Colombia; Kiribati; Turkmenistan; Lebanon; South Africa; Tunisia; Sierra Leone; Bolivia; Malawi; Portugal; United Kingdom; Ecuador; Angola; Nauru; Dominica; Madagascar; Denmark; Australia; Belgium; Slovenia; Tuvalu; Bhutan; Serbia; Estonia; Germany; Niger; Eritrea; Romania; South Korea; Kenya; Japan; Papua New Guinea; Uruguay; San Marino; Mongolia; Guinea; Seychelles; Marshall Islands; Bahamas; Qatar; Honduras; Armenia; Guatemala; Ukraine; Chad; Saint Lucia; Somalia; United States of America; Central African Republic; Tajikistan; Luxembourg; El Salvador; Kazakhstan; Albania; Panama; Fiji; Egypt; Equatorial Guinea; Lithuania; Belarus; Cameroon; Gabon; Trinidad and Tobago; Pakistan; Kuwait; Philippines; Montenegro; Ethiopia; Uganda; Iceland; Haiti; Turkey; Comoros; Zimbabwe; Finland; Nicaragua; Bangladesh; Belize; Micronesia; Saudi Arabia; Mexico; Oman; Liberia; Suriname; Georgia; Iraq; Laos; Dominican Republic; Uzbekistan; Algeria; Spain; Liechtenstein; Namibia; Rwanda; Argentina; Jamaica; Morocco; Benin; Moldova; Bosnia and Herzegovina; United Arab Emirates; Nigeria; Italy; Burkina Faso; Netherlands; Ghana; Burundi; Bahrain; Mozambique; Vanuatu; Togo; Kyrgyzstan; Bulgaria; Mali; Mauritania; Israel; Senegal; Greece; Djibouti; China; Malta; Barbados; Botswana; Tanzania; Singapore; Guyana; Azerbaijan; Andorra; Grenada; Brazil; France; Monaco; Poland; Brunei; New Zealand; Canada; Saint Vincent and the Grenadines; Maldives; Switzerland; Norway; Nepal; Russia; Timor-Leste; Costa Rica; Saint Kitts and Nevis; Austria; Libya; Guinea-Bissau; Peru; Thailand; Cyprus","BSD-3-Clause","SDG-09","","ngo non profit","https://rockylinux.org/","2026-09-01T02:26:27.132Z"
"rural-environmental-registry-registration-module","Rural Environmental Registry Registration Module","Open Software","DPG","stagnant","5","47","75","0","Brazil","GPL-3.0","SDG-02; SDG-06; SDG-08; SDG-12; SDG-13; SDG-14; SDG-15","","government","https://rer.dataprev.gov.br/","2026-09-01T02:27:39.890Z"
"safe-you","Safe YOU","Open Software","DPG","stagnant","0","49","57","0","Armenia; Georgia; Iraq","AGPL-3.0","SDG-05","","private","https://safeyou.space/","2026-09-01T02:27:39.951Z"
"santesuite","SanteSuite","Open Software","DPG","stagnant","5","43","49","0","Tanzania","Apache-2.0","SDG-03; SDG-05; SDG-09; SDG-10","","private","https://santesuite.com/","2026-09-01T02:27:39.967Z"
"sentinel-2-10m-land-useland-cover-time-series","Sentinel-2 10m Land Use/Land Cover Time Series","Open Data","DPG","mature","0","52","45","0","United States of America","CC-BY-4.0","SDG-11; SDG-13; SDG-15","","private","https://www.arcgis.com/home/item.html?id=cfcb7609de5f478eb7666240902d4d3d","2026-09-01T02:26:27.133Z"
"simple","Simple","Open Software","DPG","stagnant","0","43","39","0","India; Ethiopia; Bangladesh","MIT","SDG-03","","ngo non profit","https://simple.org/","2026-09-01T02:27:41.333Z"
"simpleaudit","SimpleAudit","Open Software","DPG","stagnant","25","39","37","0","","MIT","SDG-03; SDG-09; SDG-16","","ngo non profit","https://github.com/kelkalot/simpleaudit/blob/main/README.md","2026-09-01T02:27:41.283Z"
"software-heritage","Software Heritage Archive","Open Data","DPG","mature","0","54","49","0","Italy; Greece","CC-BY-4.0","SDG-04; SDG-09","","academic","https://www.softwareheritage.org/","2026-09-01T02:26:27.133Z"
"somleng","Somleng","Open Software","DPG","mature","0","68","55","0","Cambodia; Zambia; Guatemala; Somalia; Mexico; Laos; Burkina Faso; Canada; Nepal","MIT","SDG-03; SDG-08","","private","https://www.somleng.org/","2026-09-01T02:26:27.133Z"
"spice","SPICE","Open Software","DPG","mature","0","62","91","0","Sierra Leone; Kenya; United States of America; Bangladesh; Ghana; Tanzania","BSD-3-Clause","SDG-03; SDG-10; SDG-17","","ngo non profit","https://www.medtroniclabs.org/technology-platform/","2026-09-01T02:26:27.133Z"
"statbus-1","Statbus","Open Software","DPG","growing","75","39","49","0","Germany","Apache-2.0","SDG-08; SDG-09","","government","https://statbus.org/","2026-09-01T02:27:42.894Z"
"storyweaver","StoryWeaver","Open Content","DPG","mature","0","52","31","0","India","CC-BY-4.0","SDG-04","","ngo non profit","https://storyweaver.org.in/","2026-09-01T02:26:27.133Z"
"register-for-organic-agriculture","Sunbird","Open Software","DPG","stagnant","0","53","57","0","Kosovo","MIT","SDG-02; SDG-12; SDG-13; SDG-15","","ngo non profit","https://organika-ks.org/regjistri/","2026-09-01T02:27:42.700Z"
"sunbird-lern","Sunbird Lern","Open Software","DPG","mature","0","52","45","0","India","MIT","SDG-03; SDG-04; SDG-06; SDG-08","","ngo non profit","https://lern.sunbird.org/","2026-09-01T02:26:27.133Z"
"sunbird-rc","Sunbird RC","Open Software","DPG","stagnant","10","39","83","0","India; Sri Lanka; Philippines; Ethiopia","MIT","SDG-03; SDG-04; SDG-08; SDG-11; SDG-16","","ngo non profit","https://sunbird.org/","2026-09-01T02:27:44.338Z"
"sunbird-saral","Sunbird Saral","Open Software","DPG","abandoned","0","33","37","0","India","MIT","SDG-04","","ngo non profit","https://saral.sunbird.org/","2026-09-01T02:27:44.397Z"
"sunbird-serve","Sunbird SERVE","Open Software","DPG","abandoned","0","39","73","0","India","MIT","SDG-04; SDG-10","","ngo non profit","https://serve.evean.net/","2026-09-01T02:27:44.576Z"
"surveillance-outbreak-response-management-and-analysis-system","Surveillance Outbreak Response Management and Analysis System","Open Software","DPG","emerging","60","39","69","0","Afghanistan; Tunisia; Luxembourg; Fiji; Nigeria; Ghana; Djibouti; Nepal","GPL-3.0","SDG-03","","ngo non profit","https://www.sormas.org/","2026-09-01T02:27:44.555Z"
"suse-linux-enterprise-server","SUSE Linux Enterprise Server","Open Software","DPG","emerging","50","51","100","0","Ireland; Sweden; Venezuela; South Africa; Portugal; United Kingdom; Denmark; Australia; Belgium; Scotland; Germany; South Korea; Kenya; Japan; Ukraine; United States of America; Luxembourg; Belarus; Pakistan; Turkey; Finland; Nicaragua; Mexico; Morocco; United Arab Emirates; Italy; Netherlands; Greece; Singapore; Brazil; France; Monaco; New Zealand; Canada; Switzerland; Norway; Russia; Thailand; Czechia (Czech Republic)","GPL-2.0; GPL-3.0","SDG-09","","private","https://suse.com/products/server/","2026-09-01T02:27:44.605Z"
"syft","Syft","Open Software","DPG","emerging","50","39","61","0","United Kingdom; Uruguay; United States of America; Mexico; Italy; Brazil; France; New Zealand; Canada","Apache-2.0","SDG-09; SDG-17","","ngo non profit","https://openmined.org/","2026-09-01T02:27:46.232Z"
"synthea","Synthea","Open Software","DPG","stagnant","15","39","57","0","India; Australia; Canada","Apache-2.0","SDG-03","","ngo non profit","https://synthetichealth.github.io/synthea/","2026-09-01T02:27:45.939Z"
"syspin","SYSPIN","Open Data","DPG","mature","0","50","35","0","","CC-BY-4.0","SDG-04; SDG-10","","academic","https://syspin.iisc.ac.in/","2026-09-01T02:26:27.134Z"
"tazama","Tazama","Open Software","DPG","mature","0","56","43","0","Jordan; Zambia; South Africa","Apache-2.0","SDG-08; SDG-16","","ngo non profit","https://tazama.org/","2026-09-01T02:26:27.134Z"
"the-climate-action-data-trust","The Climate Action Data Trust","Open Software","DPG","growing","75","39","59","0","Colombia; Bhutan; Qatar; United States of America; Singapore; Brazil; France; Switzerland","Apache-2.0","SDG-13","","ngo non profit","https://climateactiondata.org/","2026-09-01T02:27:46.413Z"
"the-land-portal","The Land Portal","Open Content","DPG","stagnant","0","53","93","0","","CC-BY-4.0","SDG-01; SDG-02; SDG-05; SDG-11; SDG-15; SDG-16","","ngo non profit","https://landportal.org/","2026-09-01T02:27:47.703Z"
"the-turing-way","The Turing Way","Open Content","DPG","emerging","50","39","63","0","India; United Kingdom; Germany; Kenya; United States of America; Saudi Arabia; Argentina; Nigeria; Brazil; France","CC-BY-4.0","SDG-04","","ngo non profit","https://the-turing-way.netlify.app/index.html","2026-09-01T02:27:47.953Z"
"tor-browser","Tor Browser","Open Software","DPG","emerging","23","53","100","0","Hungary; Indonesia; Cambodia; Slovakia; Antigua and Barbuda; India; Yemen; Vietnam; Afghanistan; Latvia; Sri Lanka; Ireland; Samoa; Solomon Islands; Sudan; Tonga; Jordan; Lesotho; Sweden; Venezuela; Zambia; Gambia; Croatia; Palau; Mauritius; Malaysia; Paraguay; Colombia; Kiribati; Turkmenistan; Lebanon; South Africa; Tunisia; Sierra Leone; Bolivia; Malawi; Portugal; United Kingdom; Ecuador; Angola; Nauru; Dominica; Madagascar; Denmark; Australia; Belgium; Scotland; Slovenia; Tuvalu; Bhutan; Serbia; Estonia; Germany; Niger; Eritrea; Romania; South Korea; Kenya; Japan; Papua New Guinea; Uruguay; San Marino; Mongolia; Guinea; Seychelles; North Korea; Marshall Islands; Bahamas; Qatar; Armenia; Guatemala; Ukraine; Chad; Saint Lucia; Somalia; United States of America; Central African Republic; Tajikistan; Luxembourg; El Salvador; Kazakhstan; Albania; Panama; Fiji; Egypt; Equatorial Guinea; Lithuania; Belarus; Cameroon; North Macedonia; Gabon; Trinidad and Tobago; Pakistan; Philippines; Montenegro; Ethiopia; Uganda; Iceland; Haiti; Turkey; Comoros; Cuba; Zimbabwe; Finland; Nicaragua; Bangladesh; Belize; Micronesia; Saudi Arabia; Mexico; Oman; Liberia; Suriname; Georgia; Iraq; Laos; Dominican Republic; Uzbekistan; Algeria; Spain; Liechtenstein; Namibia; Rwanda; Argentina; Jamaica; Morocco; Benin; Moldova; Bosnia and Herzegovina; United Arab Emirates; Nigeria; Italy; Burkina Faso; Netherlands; Ghana; Burundi; Mozambique; Vanuatu; Togo; Kyrgyzstan; Bulgaria; Mali; Mauritania; Israel; Senegal; Greece; Djibouti; China; Malta; Barbados; Tanzania; Singapore; Guyana; Azerbaijan; Andorra; Grenada; Brazil; France; Iran; Monaco; Poland; Brunei; New Zealand; Canada; Saint Vincent and the Grenadines; Maldives; Switzerland; Norway; Nepal; Russia; Timor-Leste; Costa Rica; Saint Kitts and Nevis; Austria; Libya; Guinea-Bissau; Peru; Thailand; Cyprus; Syria; Czechia (Czech Republic); Democratic Republic of the Congo; South Sudan; Holy See; Congo (Congo-Brazzaville); Myanmar (formerly Burma); ""Eswatini (fmr. ""Swaziland"")""; Cabo Verde; Palestine State; Sao Tome and Principe","BSD-3-Clause","SDG-09; SDG-16","","ngo non profit","https://torproject.org/","2026-09-01T02:27:48.918Z"
"torkel-opsahl-academic-epublisher","Torkel Opsahl Academic EPublisher","Open Content","DPG","mature","0","56","37","0","India; Germany; Norway","CC-BY-NC-SA-4.0","SDG-04; SDG-16","","ngo non profit","https://toaep.org/","2026-09-01T02:26:27.134Z"
"trade-trust","Trade Trust","Open Software","DPG","emerging","25","47","41","0","Singapore","Apache-2.0","SDG-08; SDG-09; SDG-12; SDG-17","","government","https://www.tradetrust.io/","2026-09-01T02:27:47.818Z"
"trubudget","TruBudget","Open Software","DPG","abandoned","0","33","53","0","Tunisia; Georgia; Burkina Faso; Brazil","GPL-3.0","SDG-01; SDG-17","","multilateral","https://trubudget.net/","2026-09-01T02:27:50.465Z"
"truenas","TrueNAS","Open Software","DPG","mature","17","100","100","0","Hungary; Indonesia; Cambodia; Slovakia; Antigua and Barbuda; India; Yemen; Vietnam; Latvia; Sri Lanka; Ireland; Solomon Islands; Sudan; Jordan; Sweden; Chile; Venezuela; Zambia; Croatia; Mauritius; Malaysia; Paraguay; Colombia; Lebanon; South Africa; Tunisia; Sierra Leone; Bolivia; Malawi; Portugal; United Kingdom; Ecuador; Angola; Dominica; Madagascar; Denmark; Australia; Belgium; Slovenia; Serbia; Germany; Niger; Romania; South Korea; Kenya; Japan; Papua New Guinea; Uruguay; San Marino; Mongolia; Marshall Islands; Bahamas; Qatar; Honduras; Armenia; Guatemala; Ukraine; Somalia; United States of America; Tajikistan; Luxembourg; El Salvador; Kazakhstan; Albania; Panama; Fiji; Egypt; Equatorial Guinea; Lithuania; Belarus; Cameroon; Gabon; Trinidad and Tobago; Pakistan; Kuwait; Philippines; Montenegro; Ethiopia; Uganda; Iceland; Haiti; Turkey; Cuba; Zimbabwe; Finland; Nicaragua; Bangladesh; Belize; Micronesia; Saudi Arabia; Mexico; Oman; Suriname; Georgia; Iraq; Laos; Dominican Republic; Uzbekistan; Algeria; Spain; Liechtenstein; Namibia; Rwanda; Argentina; Jamaica; Morocco; Bosnia and Herzegovina; United Arab Emirates; Nigeria; Italy; Netherlands; Ghana; Burundi; Bahrain; Mozambique; Vanuatu; Togo; Kyrgyzstan; Bulgaria; Mali; Mauritania; Israel; Greece; China; Malta; Barbados; Botswana; Tanzania; Singapore; Guyana; Azerbaijan; Andorra; Grenada; Brazil; France; Iran; Monaco; Poland; Brunei; New Zealand; Canada; Saint Vincent and the Grenadines; Maldives; Switzerland; Norway; Nepal; Russia; Timor-Leste; Costa Rica; Austria; Libya; Peru; Thailand; Cyprus; Syria","BSD-3-Clause","SDG-08; SDG-09; SDG-12","","private","https://truenas.com/","2026-09-01T02:26:27.136Z"
"typo3","TYPO3","Open Software","DPG","emerging","50","59","100","0","Hungary; Indonesia; Cambodia; Slovakia; India; Vietnam; Latvia; Ireland; Jordan; Sweden; Chile; Venezuela; Croatia; Malaysia; Colombia; Turkmenistan; South Africa; Tunisia; Portugal; United Kingdom; Denmark; Australia; Belgium; Slovenia; Serbia; Estonia; Germany; Romania; South Korea; Kenya; Japan; Uruguay; San Marino; Seychelles; Guatemala; Ukraine; United States of America; Luxembourg; Kazakhstan; Albania; Lithuania; Belarus; Cameroon; North Macedonia; Kuwait; Turkey; Finland; Saudi Arabia; Georgia; Uzbekistan; Spain; Liechtenstein; Rwanda; Argentina; Morocco; Moldova; Bosnia and Herzegovina; United Arab Emirates; Italy; Burkina Faso; Netherlands; Ghana; Bahrain; Kyrgyzstan; Bulgaria; Israel; Greece; China; Barbados; Tanzania; Singapore; Azerbaijan; Brazil; France; Iran; New Zealand; Canada; Switzerland; Norway; Russia; Costa Rica; Austria; Thailand; Czechia (Czech Republic)","GPL-2.0","SDG-09; SDG-10","","ngo non profit","https://typo3.org/","2026-09-01T02:27:50.458Z"
"uli","Uli","Open Software","DPG","abandoned","0","39","39","0","India","CC-BY-4.0; GPL-3.0","SDG-05; SDG-16","","ngo non profit","https://uli.tattle.co.in/","2026-09-01T02:27:50.325Z"
"unido-industrial-analytics-platform","UNIDO Industrial Analytics Platform","Open Content","DPG","mature","0","52","51","0","Austria","CC-BY-SA-4.0","SDG-04; SDG-09; SDG-17","","multilateral","https://iap.unido.org/","2026-09-01T02:26:27.136Z"
"urban-platform-for-delivery-of-online-governance","UPYOG","Open Software","DPG","emerging","60","43","41","0","India","MIT","SDG-06; SDG-08; SDG-09; SDG-16; SDG-17","","government","https://niua.in/cdg/UPYOG","2026-09-01T02:27:52.163Z"
"urbanpy","UrbanPy","Open Software","DPG","abandoned","0","39","41","0","United States of America; Argentina; France; Peru","GPL-3.0","SDG-11","","multilateral","https://code.iadb.org/en/tools/urbanpy","2026-09-01T02:27:51.811Z"
"uwazi","Uwazi","Open Software","DPG","growing","75","39","100","0","India; Yemen; Vietnam; Sri Lanka; Gambia; Malaysia; Lebanon; South Africa; Bolivia; United Kingdom; Germany; South Korea; Kenya; North Korea; Ukraine; Egypt; Uganda; Turkey; Zimbabwe; Bangladesh; Mexico; Uzbekistan; Argentina; Nigeria; France; Iran; Switzerland; Russia; Libya; Peru; Thailand; Syria","MIT","SDG-16","","ngo non profit","https://uwazi.io/","2026-09-01T02:27:52.094Z"
"vaccineledger","VaccineLedger","Open Software","DPG","stagnant","0","53","57","0","India; Bangladesh; Costa Rica","MIT","SDG-03; SDG-09; SDG-12","","private","https://vaccineledger.com/","2026-09-01T02:27:51.881Z"
"vips","VIPS","Open Software","DPG","mature","0","56","47","0","Sweden; Switzerland; Norway","AGPL-3.0","SDG-02; SDG-13; SDG-15","","academic","https://nibio.no/en/services/vips","2026-09-01T02:26:27.136Z"
"vxnaid","Vxnaid","Open Software","DPG","stagnant","0","53","67","0","Democratic Republic of the Congo [DRC]; Colombia; Sierra Leone; Philippines; Rwanda; Mali; Tanzania","Apache-2.0","SDG-03","","ngo non profit","https://github.com/johnsonandjohnson/vxnaid/wiki","2026-09-01T02:27:53.567Z"
"wapor","WaPOR","Open Content","DPG","mature","0","100","100","0","Cambodia; India; Yemen; Sri Lanka; Sudan; Jordan; Lebanon; Tunisia; Malawi; Niger; Kenya; Mongolia; Chad; Somalia; Kazakhstan; Egypt; Philippines; Ethiopia; Uganda; Iraq; Algeria; Rwanda; Morocco; Benin; Burkina Faso; Ghana; Burundi; Mozambique; Togo; Mali; Senegal; Iran; Libya; Syria","CC-BY-NC-SA-4.0","SDG-02; SDG-06; SDG-12; SDG-13; SDG-17","","multilateral","https://wapor.apps.fao.org/home/WAPOR_2/1","2026-09-01T02:26:27.137Z"
"wikidata","Wikidata","Open Data","DPG","mature","0","100","100","0","Hungary; Indonesia; Cambodia; Slovakia; Antigua and Barbuda; India; Yemen; Vietnam; Afghanistan; Latvia; Sri Lanka; Ireland; Samoa; Solomon Islands; Sudan; Tonga; Jordan; Lesotho; Sweden; Venezuela; Zambia; Gambia; Croatia; Palau; Mauritius; Malaysia; Paraguay; Colombia; Kiribati; Turkmenistan; Lebanon; South Africa; Tunisia; Sierra Leone; Bolivia; Malawi; Portugal; United Kingdom; Ecuador; Angola; Nauru; Dominica; Madagascar; Denmark; Australia; Belgium; Scotland; Slovenia; Tuvalu; Bhutan; Serbia; Estonia; Germany; Niger; Eritrea; Romania; South Korea; Kenya; Japan; Papua New Guinea; Uruguay; San Marino; Mongolia; Guinea; Seychelles; North Korea; Marshall Islands; Bahamas; Qatar; Armenia; Guatemala; Ukraine; Chad; Saint Lucia; Somalia; United States of America; Central African Republic; Tajikistan; Luxembourg; El Salvador; Kazakhstan; Albania; Panama; Fiji; Egypt; Equatorial Guinea; Lithuania; Belarus; Cameroon; North Macedonia; Gabon; Trinidad and Tobago; Pakistan; Philippines; Montenegro; Ethiopia; Uganda; Iceland; Haiti; Turkey; Comoros; Cuba; Zimbabwe; Finland; Nicaragua; Bangladesh; Belize; Micronesia; Saudi Arabia; Mexico; Oman; Liberia; Suriname; Georgia; Iraq; Laos; Dominican Republic; Uzbekistan; Algeria; Spain; Liechtenstein; Namibia; Rwanda; Argentina; Jamaica; Morocco; Benin; Moldova; Bosnia and Herzegovina; United Arab Emirates; Nigeria; Italy; Burkina Faso; Netherlands; Ghana; Burundi; Mozambique; Vanuatu; Togo; Kyrgyzstan; Bulgaria; Mali; Mauritania; Israel; Senegal; Greece; Djibouti; China; Malta; Barbados; Tanzania; Singapore; Guyana; Azerbaijan; Andorra; Grenada; Brazil; France; Iran; Monaco; Poland; Brunei; New Zealand; Canada; Saint Vincent and the Grenadines; Maldives; Switzerland; Norway; Nepal; Russia; Timor-Leste; Costa Rica; Saint Kitts and Nevis; Austria; Libya; Guinea-Bissau; Peru; Thailand; Cyprus; Syria; Czechia (Czech Republic); Democratic Republic of the Congo; South Sudan; Holy See; Congo (Congo-Brazzaville); Myanmar (formerly Burma); ""Eswatini (fmr. ""Swaziland"")""; Cabo Verde; Palestine State; Sao Tome and Principe","CC0-1.0","SDG-04; SDG-05; SDG-08; SDG-10; SDG-16","","ngo non profit","https://www.wikidata.org/","2026-09-01T02:26:27.137Z"
"wikipedia","Wikipedia","Open Content","DPG","mature","0","100","100","0","Hungary; Indonesia; Cambodia; Slovakia; Antigua and Barbuda; India; Yemen; Vietnam; Afghanistan; Latvia; Sri Lanka; Ireland; Samoa; Solomon Islands; Sudan; Tonga; Jordan; Lesotho; Sweden; Venezuela; Zambia; Gambia; Croatia; Palau; Mauritius; Malaysia; Paraguay; Colombia; Kiribati; Turkmenistan; Lebanon; South Africa; Tunisia; Sierra Leone; Bolivia; Malawi; Portugal; United Kingdom; Ecuador; Angola; Nauru; Dominica; Madagascar; Denmark; Australia; Belgium; Scotland; Slovenia; Tuvalu; Bhutan; Serbia; Estonia; Germany; Niger; Eritrea; Romania; South Korea; Kenya; Japan; Papua New Guinea; Uruguay; San Marino; Mongolia; Guinea; Seychelles; North Korea; Marshall Islands; Bahamas; Qatar; Armenia; Guatemala; Ukraine; Chad; Saint Lucia; Somalia; United States of America; Central African Republic; Tajikistan; Luxembourg; El Salvador; Kazakhstan; Albania; Panama; Fiji; Egypt; Equatorial Guinea; Lithuania; Belarus; Cameroon; North Macedonia; Gabon; Trinidad and Tobago; Pakistan; Philippines; Montenegro; Ethiopia; Uganda; Iceland; Haiti; Turkey; Comoros; Cuba; Zimbabwe; Finland; Nicaragua; Bangladesh; Belize; Micronesia; Saudi Arabia; Mexico; Oman; Liberia; Suriname; Georgia; Iraq; Laos; Dominican Republic; Uzbekistan; Algeria; Spain; Liechtenstein; Namibia; Rwanda; Argentina; Jamaica; Morocco; Benin; Moldova; Bosnia and Herzegovina; United Arab Emirates; Nigeria; Italy; Burkina Faso; Netherlands; Ghana; Burundi; Mozambique; Vanuatu; Togo; Kyrgyzstan; Bulgaria; Mali; Mauritania; Israel; Senegal; Greece; Djibouti; China; Malta; Barbados; Tanzania; Singapore; Guyana; Azerbaijan; Andorra; Grenada; Brazil; France; Iran; Monaco; Poland; Brunei; New Zealand; Canada; Saint Vincent and the Grenadines; Maldives; Switzerland; Norway; Nepal; Russia; Timor-Leste; Costa Rica; Saint Kitts and Nevis; Austria; Libya; Guinea-Bissau; Peru; Thailand; Cyprus; Syria; Czechia (Czech Republic); Democratic Republic of the Congo; South Sudan; Holy See; Congo (Congo-Brazzaville); Myanmar (formerly Burma); ""Eswatini (fmr. ""Swaziland"")""; Cabo Verde; Palestine State; Sao Tome and Principe","CC-BY-SA-4.0","SDG-04; SDG-05; SDG-10; SDG-16; SDG-17","","ngo non profit","https://www.wikipedia.org/","2026-09-01T02:26:27.137Z"
"wikirateorg","Wikirate Data","Open Data","DPG","mature","0","56","53","0","United Kingdom; Germany; United States of America","CC-BY-4.0; CC-BY-SA-4.0","SDG-04; SDG-17","","ngo non profit","https://wikirate.org/","2026-09-01T02:26:27.137Z"
"wso2-identity-server","WSO2 Identity Server","Open Software","DPG","growing","75","39","61","0","","Apache-2.0","SDG-09; SDG-16; SDG-17","","private","https://wso2.com/identity-server","2026-09-01T02:27:55.053Z"
"zamba","Zamba","Open Software","DPG","stagnant","15","39","55","0","United Kingdom; Germany; United States of America; Gabon","MIT","SDG-15","","private","https://zamba.drivendata.org/","2026-09-01T02:27:54.985Z"
"gov-scan-jquery","jQuery","Government OSS","Government OSS","emerging","0","35","10","0","","MIT","","","unknown","","2026-09-01T02:26:27.343Z"
"gov-scan-php","PHP","Government OSS","Government OSS","emerging","0","35","10","0","","PHP License v3.01","","","unknown","","2026-09-01T02:26:27.343Z"
"gov-scan-apache","Apache","Government OSS","Government OSS","emerging","0","35","10","0","","Apache License 2.0 (Apache HTTP Server)","","","unknown","","2026-09-01T02:26:27.343Z"
"gov-scan-bootstrap","Bootstrap","Government OSS","Government OSS","emerging","0","35","10","0","","MIT","","","unknown","","2026-09-01T02:26:27.343Z"
"gov-scan-mysql","MySQL","Government OSS","Government OSS","emerging","0","35","10","0","","GPL-2.0-only (community) plus commercial dual licensing","","","unknown","","2026-09-01T02:26:27.344Z"
"gov-scan-wordpress","WordPress","Government OSS","Government OSS","emerging","0","35","10","0","","GPL-2.0-or-later","","","unknown","","2026-09-01T02:26:27.344Z"
"gov-scan-nginx","Nginx","Government OSS","Government OSS","emerging","0","35","10","0","","BSD-2-Clause (open source core)","","","unknown","","2026-09-01T02:26:27.344Z"
"gov-scan-jquery-migrate","jQuery Migrate","Government OSS","Government OSS","emerging","0","35","10","0","","MIT","","","unknown","","2026-09-01T02:26:27.344Z"
"gov-scan-jquery-ui","jQuery UI","Government OSS","Government OSS","emerging","0","35","10","0","","MIT","","","unknown","","2026-09-01T02:26:27.344Z"
"gov-scan-drupal","Drupal","Government OSS","Government OSS","emerging","0","35","10","0","","GPL-2.0-or-later","","","unknown","","2026-09-01T02:26:27.344Z"
"gov-scan-yoast-seo","Yoast SEO","Government OSS","Government OSS","emerging","0","35","10","0","","GPL-3.0-or-later","","","unknown","","2026-09-01T02:26:27.344Z"